qfe,aus,nzl,xoc,chn,hkg,jpn,kor,mng,twn,xea,brn,khm,idn,lao,mys,phl,sgp,tha,vnm,xse,bgd,ind,npl,pak,lka,xsa,can,usa,mex,xna,arg,bol,bra,chl,col,ecu,pry,per,ury,ven,xsm,cri,gtm,hnd,nic,pan,slv,xca,dom,jam,pri,tto,xcb,aut,bel,cyp,cze,dnk,est,fin,fra,deu,grc,hun,irl,ita,lva,ltu,lux,mlt,nld,pol,prt,svk,svn,esp,swe,gbr,che,nor,xef,alb,bgr,blr,hrv,rou,rus,ukr,xee,xer,kaz,kgz,xsu,arm,aze,geo,bhr,irn,isr,jor,kwt,omn,qat,sau,tur,are,xws,egy,mar,tun,xnf,bfa,cmr,civ,gha,gin,nga,sen,tgo,xwf,xcf,xac,eth,ken,mdg,mwi,mus,moz,rwa,tza,uga,zmb,zwe,xec,bwa,nam,zaf,xsc,xtw
pdr,0.803287,1.331064,6.790879,1.812703,0.863841,0.752968,1.339787,2.087901,1.096722,1.260148,1.693667,0.236717,-0.410643,0.201677,0.862975,0.50457,0.567008,0.144145,0.5687,-0.0041,0.295225,0.656391,1.136445,1.032057,0.00018,0.30579,1.066089,1.277399,1.460665,1.365697,0.052944,0.447983,1.123615,0.919129,0.222562,-0.138142,1.057126,-0.187652,0.463473,-0.17934,0.371854,1.611064,2.923789,2.131848,0.561604,0.522795,1.482691,-1.200757,1.034085,-0.214685,0.641954,0.083861,-0.229694,1.758692,-0.694494,2.694735,2.188837,-1.175209,0.086732,2.199102,-1.922296,0.160425,1.739808,0.321776,0.999638,0.770764,1.719855,3.630866,1.573728,2.389357,-0.394995,0.222897,0.719983,-0.261909,1.534111,0.445415,0.214804,-1.185737,0.454511,1.693093,2.067021,0.209327,0.141502,2.75212,1.296453,0.327271,2.486026,2.298541,2.498087,1.297111,2.269371,2.480156,2.966698,-0.130776,1.579025,1.646834,0.814071,1.067678,1.827,-0.226399,2.378771,0.847909,0.928825,4.424092,1.429307,6.874526,0.034731,0.269939,0.324956,1.59939,0.716118,-3.04584,0.67459,0.938835,0.890832,0.592778,-0.614946,-1.022907,0.499243,0.597763,-0.133134,-1.115153,1.561401,-2.317368,0.218349,-0.466448,0.988466,0.375143,-1.126685,-0.235774,0.513938,-0.313246,1.87948,-0.239294,0.572961,1.506588,0.822312,0.893963,0.633294
wht,4.845442,0.57326,6.443107,2.125576,3.075352,2.73029,1.558469,3.635489,1.353281,3.321653,33.860365,6.650945,4.091702,3.258822,29.324717,2.421161,6.45431,3.467883,10.813198,35.912591,4.440571,-0.124541,0.996118,1.145496,3.58405,0.734295,-6.399087,2.760431,7.758639,0.840645,1.413317,0.597913,9.797883,2.342119,9.903384,5.173429,8.673893,2.527855,4.183828,7.2914,8.55144,10.197617,9.512722,1.087258,13.393074,29.043738,7.84953,4.40284,28.755193,6.988595,6.647388,11.684386,2.646321,3.343298,1.427376,8.542369,2.559136,2.92997,0.826798,1.958488,2.362139,1.943058,5.689037,2.576569,3.768652,3.774309,-0.611024,1.400002,1.292113,7.266544,-0.119812,3.263835,6.587031,3.703039,2.497014,3.916148,1.495605,3.116617,1.253239,1.962978,4.506679,2.927683,7.886185,4.776804,3.327832,1.146673,-1.026188,0.767393,2.245831,2.234767,3.012189,3.075569,3.907513,3.367079,2.994279,4.161385,4.210098,1.269511,9.854456,6.474845,2.407766,5.079803,1.775993,1.207711,3.034356,8.896775,1.885119,3.664816,2.183189,1.156696,0.375551,1.203045,3.238946,15.841493,7.974955,12.55755,-3.161036,11.642946,22.126059,12.681005,13.272448,6.602493,4.54812,12.443856,2.142846,1.035709,-0.294112,-1.185368,7.353566,13.75187,5.303012,-0.692973,3.928282,4.555485,3.509009,8.368265,4.019324,5.603619,6.441388
gro,-0.896837,0.240225,0.898378,0.612984,0.488823,-0.499747,-0.300604,-0.128846,0.633273,1.274119,1.599315,1.053046,0.824743,0.866345,0.992417,1.119173,0.894815,0.47455,0.918694,0.910593,-0.089239,0.588484,0.698243,0.262236,1.086109,0.436238,0.320879,-0.298359,0.311759,-0.135285,0.31278,0.625843,0.622821,-0.380679,0.995367,1.482667,0.630061,0.483782,0.245527,0.636191,-0.031185,0.915917,0.684185,1.330042,1.248091,0.322668,0.802987,-1.615825,0.227145,0.591092,-0.659243,-1.114135,-0.27638,-0.327303,-0.596303,-0.551351,-0.683703,-0.730816,-0.506261,-0.098507,-0.706133,-0.697983,-0.178758,-0.455584,-0.219713,-0.347339,-0.505361,-0.187554,-0.665042,0.193152,-1.116979,-0.445543,-0.067963,-0.316894,-0.242355,-0.299397,-1.023293,-0.442971,0.187624,-0.494646,-0.011169,-0.111199,-0.252979,-0.35011,-0.085922,0.085554,0.445647,0.053798,-0.112989,-0.208622,-0.408772,0.167888,-0.07474,-0.120665,-0.197133,0.252589,0.575676,0.141172,-0.266182,0.068641,0.953875,0.565165,0.317668,-0.121124,-0.050015,0.128741,0.098943,-0.383986,-0.463383,-0.835999,-0.425854,2.168408,0.637236,2.280011,1.761737,1.666329,0.58569,0.995471,2.184195,1.72567,1.102166,0.893906,0.737326,0.705206,0.842883,0.473035,0.719066,0.482343,0.418561,0.644248,0.796329,0.451657,0.446471,0.532691,0.736513,0.792498,0.374918,0.197062,0.12495
v_f,-0.75617,0.822454,0.845497,-0.537966,-0.554637,-0.96637,-0.602899,-0.248573,0.268034,0.377199,-0.251991,0.279382,0.631227,0.3377,-0.041506,-0.28953,-1.934333,0.154101,-0.153686,0.544982,-0.267384,0.345536,-0.736081,-0.268874,0.550942,0.083029,2.42766,-0.422182,-0.223589,-1.011888,-0.001825,0.260229,0.222801,0.263741,0.993722,-0.44893,1.084241,0.020326,0.330824,0.873625,-0.270183,-0.548155,0.166014,0.587916,0.955932,-2.19458,0.854501,-5.306606,0.055661,0.039119,-0.576246,-1.687709,0.042044,0.091467,-0.493345,-0.868814,-0.440982,0.142236,-0.605815,-0.534354,-0.35716,-0.030312,-0.377863,0.264701,0.835184,-0.52349,-0.033037,0.151254,0.011346,0.044463,-0.474995,-0.054313,-0.095782,-0.245162,-0.487643,-0.244925,-0.218178,0.413759,-0.377422,0.307355,-0.115416,-0.032472,-0.967343,-0.568187,-0.849333,-0.300869,-0.029167,-0.427157,-0.338648,-0.404473,-1.166735,-0.148478,-0.348787,-0.616433,-0.454188,0.035696,-0.486915,0.03176,0.111421,0.232328,0.460967,-0.025534,-0.10221,0.310149,-0.454705,0.302794,-0.004794,-0.423929,-0.530703,0.164348,0.184124,0.412171,0.406094,1.290341,1.315017,0.538411,0.578602,0.224156,1.092528,0.211994,0.710498,0.241977,0.331711,0.250593,0.156295,0.332278,0.880376,0.149821,0.123213,0.265577,0.643039,0.33001,-0.091121,0.165696,0.563687,0.376517,0.135043,0.145922,-0.066264
osd,-2.143566,2.382454,-1.030587,-0.044862,-2.709487,-1.477115,-0.934057,5.114696,-2.32693,-2.948726,0.454303,0.238067,-0.355246,0.067091,-0.050442,0.223165,-1.790343,-1.461906,-1.421864,0.096742,-0.490304,0.06547,0.089231,-0.268238,0.26458,-0.251841,2.362033,0.040594,-2.289701,-0.871503,-0.129544,-0.534,-0.931776,-0.721711,0.968349,1.202055,-1.252929,0.475039,-0.594004,-1.669857,-0.733164,-0.550343,-0.06583,0.214541,-2.549643,0.259586,1.356998,-1.452593,0.204999,1.230914,-2.821809,-2.880878,-0.765468,0.910448,0.563273,0.302062,-0.258148,0.944096,-0.268183,0.742895,-0.102976,0.017565,0.459461,-0.365157,0.920564,0.16556,0.840272,0.170379,1.173497,-0.284273,-0.665892,-0.147643,0.792894,0.088646,0.12158,0.255849,0.231059,0.549893,1.532669,1.491071,0.947911,0.017219,0.963021,-0.7761,-0.452943,0.462084,1.216693,0.826368,0.160128,-0.342716,-0.088374,-0.393484,0.560441,-1.141987,-1.116519,2.422896,6.024516,-0.083372,-0.476992,0.489375,1.800812,0.059212,2.377239,0.351166,0.328489,0.713813,-0.219143,-1.500097,-0.757686,-1.797652,0.443045,-4.927359,0.61237,3.232616,1.248506,1.403475,-0.233504,0.587611,-1.46843,-0.45993,0.604593,0.445824,-3.305413,0.394199,0.462071,0.529224,-2.881647,-0.929781,0.092788,-0.290218,-0.724354,0.399138,0.661457,-1.354041,0.643695,0.604684,0.464654,0.500225,-0.451955
c_b,-0.051175,0.0674,1.594751,-0.410911,-0.367417,-1.040744,0.548544,-0.463689,-0.023027,1.368466,0.114091,0.562118,0.14159,0.641492,-0.141708,0.58156,0.971354,1.287585,0.991081,0.895357,0.341991,0.539267,-1.140108,0.071122,-0.58598,0.331664,-1.032396,-0.856892,0.810498,-0.967368,0.108811,1.73932,0.468201,-0.665598,1.833699,1.089845,0.857944,0.947348,0.788268,0.690783,0.164621,1.858638,0.998337,1.220567,1.475562,1.472163,1.464757,-0.851375,0.835616,-3.172639,0.792787,0.349542,0.269779,-0.724049,-1.053466,0.777689,-0.780772,-0.785256,-0.959478,-0.367509,-0.719079,-0.742737,0.261605,-0.61347,-0.300789,-0.224622,-0.592695,-0.402806,-0.143261,0.374631,-1.258515,-0.562837,1.547128,-0.666456,-0.167653,0.156741,-1.383217,0.171921,-0.218137,-0.259068,-0.338423,0.034253,0.003946,0.799407,-0.527824,0.332985,-0.361698,-0.437993,-0.310907,-0.218727,-0.952491,1.634196,-0.350366,-0.82486,-0.613516,-0.111832,0.791115,-0.193676,0.420411,0.210841,1.686834,0.05209,1.082576,2.141172,-0.693041,2.214727,1.229658,-0.336007,-0.551918,0.765849,1.000166,1.90706,0.644132,1.586896,1.26715,1.922866,0.498543,1.387431,1.576128,1.077032,-0.047923,0.50107,0.600408,-0.027066,1.022097,0.353418,-1.419924,1.428733,0.833604,0.989584,-1.110048,0.644643,0.010563,-0.181076,0.621122,0.594855,0.366363,0.026145,0.269824
pfb,-1.311612,-0.074424,0.348794,0.024471,-2.109895,-0.331943,-0.130476,0.701068,-1.401985,-1.763963,-1.385648,0.721072,-1.640761,0.121073,-0.53096,-0.074388,-1.933276,-1.638847,-1.200361,0.412021,-0.153677,-0.550934,-0.956628,-1.214983,-12.267425,-0.060701,-0.53045,0.679492,-0.712921,-0.44957,0.185087,1.02818,-0.460329,-0.805371,-0.408476,0.022838,-0.124211,-0.658972,0.624117,0.595047,0.152485,0.81325,-1.091483,1.479606,1.121531,0.806177,-1.403259,-1.941828,-0.481994,-0.045745,-1.364937,-1.038639,0.082994,0.052859,-0.007347,0.044403,-0.884972,-0.146004,-0.936371,0.80151,-0.150527,1.638319,-0.490199,-0.315719,2.563867,0.618351,0.707513,-0.183767,0.747558,-0.006208,-1.096302,-0.512953,0.53814,-0.838767,1.187966,0.469668,0.912306,1.751368,0.668793,-0.430473,2.05882,1.255566,-1.392496,-0.498465,0.823852,-0.102726,2.384425,-0.332088,-0.644788,-0.137615,-0.123327,0.382584,1.032458,-0.804062,-0.467849,0.175818,0.061042,-0.150882,0.088324,0.094858,1.499353,-0.668332,0.798432,1.05121,0.240273,0.126456,-0.16415,-0.32511,-0.541378,-0.130293,0.452627,-4.851576,-3.870943,1.499702,-0.213644,1.326499,-6.63264,-0.729594,-1.14082,-3.691001,-2.630654,0.656154,-0.220256,-15.219882,0.624841,-1.320014,-5.181631,-0.856176,1.192992,-1.952899,-1.236582,-0.380629,-0.559374,-0.36725,0.118412,-1.456276,0.374272,0.115292,0.370658
ocr,-0.610495,6.358064,-1.298176,2.404474,-2.725383,-0.167979,-0.30332,10.167793,-1.055225,0.427109,-0.711219,-0.152621,-0.159601,-0.086383,0.877077,0.046238,-3.326472,-0.326586,-0.619979,0.491429,-0.045364,0.32254,-0.342826,-0.727508,-0.378748,0.333163,2.993564,0.922953,0.040943,-0.016072,0.569845,0.621004,0.207133,2.177861,-1.799769,0.566933,0.327807,-0.387761,0.888323,0.937036,0.153408,0.231809,-0.60562,-0.372413,-1.336351,0.922863,-1.889164,-3.567388,-0.937238,0.002756,-2.058312,-0.412502,0.185142,0.297918,2.445908,0.052774,-0.039455,1.680912,3.224145,1.884641,0.318841,1.17611,1.079479,-0.075781,0.298882,0.550447,2.360552,-0.257763,1.33403,0.064945,2.868497,0.536566,0.378757,-0.180044,0.235953,0.62493,0.477746,2.293986,1.172831,0.595013,1.030362,0.222846,0.18812,-0.298673,2.027855,-0.140826,4.782722,1.639415,1.650749,1.443251,-0.022862,2.146778,0.663393,-0.033336,-0.174728,1.110491,-1.616399,0.198568,1.43438,0.92005,-0.21553,-1.005255,-0.556871,2.094231,2.536951,-1.29881,1.329118,-1.047483,-0.103212,0.731109,1.362328,0.315641,-2.31023,-2.150039,-5.407043,-5.491594,-3.04636,-2.038702,-2.824666,-1.955677,-2.060485,0.363697,-1.176508,-0.682724,-0.266946,-0.484742,0.461659,-1.273595,-1.296396,-0.518591,-1.137477,0.048032,0.269221,-1.253065,0.388361,-2.073698,1.343769,0.236553,1.575177
ctl,-1.667303,-0.253732,-0.1321,-0.427677,-0.780198,-0.865672,-0.59506,-0.446431,-0.888026,-0.235772,0.131743,-0.655067,-1.014214,-0.928494,-0.416304,-0.917733,-1.846166,-0.886323,-0.5639,-0.918786,-0.809477,-0.029461,-0.41872,-0.952238,-0.510599,-0.807503,-0.073819,-1.075371,-0.646398,-0.943614,-0.586844,-0.570371,-0.533426,-0.823097,-0.153611,-0.620157,-0.052498,-0.745742,-0.526939,-0.852313,-0.666923,0.576413,-0.485468,0.030095,0.421637,-0.299799,-0.585684,-1.714166,-0.186237,-0.210593,-1.092254,-0.243418,-0.877424,-0.478186,-1.441221,-0.386758,-0.976919,-0.629629,-1.736367,-0.447075,-1.080773,-0.693517,-0.697268,-0.752031,-0.125668,-0.743614,0.006261,-0.499692,-0.798324,-0.213839,-1.726015,-0.654262,-0.552736,-0.628666,-0.614745,-0.806872,-0.983101,-0.772437,-0.638307,-0.30245,-0.359098,-0.602097,-0.831276,-0.278633,-0.428319,-0.335075,0.286965,-0.382302,-0.555151,-0.342643,-1.095556,-0.320353,-0.332312,-0.870678,-0.871502,-0.305325,-1.531397,-0.84383,-1.066765,-0.610558,-0.318289,-1.048864,-1.236295,-0.805093,-0.577939,-1.210928,-0.825611,-1.442926,-1.145778,-1.038768,-0.993175,0.129599,-0.928208,0.686577,-0.002841,-0.163869,-1.183425,-0.338615,0.219687,0.011617,-0.516968,-1.199872,-1.043317,-1.330526,-0.445759,-0.966525,-0.845179,-0.83568,-1.134057,-0.968736,-1.04988,-0.982969,-0.861312,-1.153228,-0.450568,-0.384137,-0.750186,-0.727044,-0.588694
oap,-1.547432,-0.120288,-0.563035,-0.475914,-0.970522,-1.095188,-0.855764,-0.428415,-0.92102,-0.207807,-0.049569,-0.622998,-0.930654,-1.00664,-0.480269,-0.538805,-0.443842,-0.827037,-0.621197,-0.992291,-1.356301,-0.948147,-0.539629,-1.135895,-0.812461,-0.804193,-0.167087,-0.886543,-0.671517,-0.908704,-0.790443,-0.589538,-0.404219,-1.173826,-0.120434,-0.656455,-0.1855,-0.870135,-0.390074,-1.175251,-0.692182,0.369875,-0.486396,0.04111,-0.120121,-0.351261,-0.500179,-2.764637,-0.276936,-0.301971,-0.995201,-0.421659,-1.228021,-0.683023,-1.343368,-0.316175,-0.772231,-1.103209,-1.290853,-0.090108,-1.208628,-1.336134,-0.647733,-0.61736,-0.038729,-0.660659,-0.462595,-0.245121,-0.270296,-0.389928,-1.745381,-0.710741,-0.555761,-0.547019,-0.47078,-0.806103,-1.014566,-1.213719,-0.545886,-0.128512,-0.152189,-0.720816,-0.879917,-0.377791,-0.553993,-0.188364,0.214072,-0.379339,-0.267475,-0.360762,-1.06956,-0.307888,-0.369691,-1.171416,-0.863248,-0.347197,-1.315362,-0.786126,-0.799517,-0.821761,-0.532265,-0.854646,-1.153629,-0.675841,-0.667273,-1.627467,-0.864856,-1.499199,-1.182648,-0.928015,-0.89577,0.03819,-1.170823,0.072007,-0.341687,-0.060164,-2.022351,-0.413661,0.242232,-0.780372,-0.643638,-1.371038,-1.106599,-6.917133,-0.429399,-0.769876,-0.218093,-0.944421,-1.318837,-0.916068,-0.778954,-0.93419,-0.853011,-1.159437,-0.227218,-0.366541,-0.689544,-0.847336,-0.60505
rmk,-1.187716,-0.50584,-0.036344,-0.476405,-0.199239,-1.007515,-0.627504,0.239941,-1.046501,-0.07887,-1.051996,-1.039504,-1.006811,-0.316246,-0.611807,-0.74405,-1.212614,-0.938835,-0.979153,-0.410528,-0.810277,-0.819887,-0.284426,-0.95814,-0.432162,-0.937032,-0.541561,-1.054101,-0.474801,-1.121912,-0.610558,-0.585654,-0.518397,-0.803268,-0.105338,-0.644604,-0.136634,-0.729782,-0.412004,-0.898551,-0.650017,0.528371,-0.456714,-0.01862,-0.568392,-0.373166,-0.378939,-2.615764,-0.352558,-0.114109,-0.669269,-0.313111,-1.379618,-0.77192,-1.388754,-0.347832,-0.699402,-0.877878,-1.080186,-0.521419,-1.219702,-0.987158,-0.717531,-0.565863,-0.439397,-0.786252,-0.343188,-0.249787,-0.501628,-0.443522,-1.740535,-0.525609,-0.629068,-0.468702,-0.489271,-0.784824,-1.090239,-0.754258,-0.600557,-0.294906,-0.513701,-0.624907,-0.931882,-0.454999,-0.504944,-0.376692,0.128487,-0.306456,-0.188623,-0.404133,-1.065946,-0.324467,-0.300862,-0.529323,-0.960755,-0.111397,-1.080375,-0.85249,-0.927384,-0.841883,-0.874292,-0.453529,-0.753977,-1.900755,-0.613745,-0.817081,-0.698145,-1.171378,-1.031985,-1.110613,-1.025088,0.109329,-7.201823,1.06825,0.844206,-0.051958,-3.218731,-0.993332,1.240979,-0.131778,-0.223927,-0.9511,-1.099238,-1.287966,-0.44907,-0.234256,-2.964753,-0.850295,-1.580032,-0.887251,-1.107702,-1.017632,-0.914727,-1.138369,-0.479964,-0.423463,-0.753845,-0.694988,-0.688191
wol,-0.044803,0.582627,0.100136,-1.305803,0.246184,-0.907237,-0.978453,1.246928,-1.967221,-0.563861,0.279145,-1.036566,-1.007438,-0.226158,-1.909843,-0.710532,-0.637163,-1.037379,-0.510812,3.083039,0.162137,-1.164418,-0.447471,-2.758019,-14.235096,0.230209,-0.140812,-2.026185,-0.728062,-1.524262,-0.618847,-0.607491,-0.419978,-0.958047,0.503929,-0.400907,-0.138761,-0.895335,-0.295767,-1.070959,-2.393898,0.888902,0.625661,0.389918,-0.409739,0.110875,-0.050407,-1.897369,-0.936038,0.334823,-1.315691,-1.826726,-1.167921,1.071991,5.457441,2.304875,3.218418,0.819067,-0.564817,2.655039,1.591935,1.470262,1.291497,-0.876061,3.468326,4.476041,0.265697,0.286744,1.527026,1.319644,1.540757,0.28494,0.858653,1.471056,0.098865,6.213457,1.684406,2.79776,-0.2953,0.470986,1.501709,-1.254917,-0.818734,-0.554528,-0.946832,0.428028,0.439036,-0.227413,-0.596656,-0.611294,-0.912829,0.097251,-0.215104,0.068954,-0.855062,-0.186074,1.762104,-0.689136,-6.793887,-0.458781,6.988593,0.833215,6.221556,4.235275,-0.508177,4.194656,-0.860257,-1.115506,-1.160201,-0.435655,-0.601459,-0.47948,-9.386968,0.470165,6.218055,-1.233598,-4.328882,0.12855,-0.144801,-1.471937,-0.587172,-0.99303,-1.641613,-22.933752,-0.174563,-1.715001,-7.676089,-4.53379,-0.416437,-3.365014,1.567738,-3.389176,-0.816129,-1.317853,0.472207,-0.221589,0.978461,1.405314,-0.276601
frs,-0.939646,-0.158818,0.126595,-0.488948,-0.995681,-0.850959,-0.713043,-0.296178,-1.482556,-0.571705,-3.873131,-0.59538,-1.726706,-1.643026,-1.305375,-0.987982,-1.052565,-1.291968,-1.400858,-1.899897,-1.423322,-1.230363,-0.383202,-0.923258,-1.468254,-0.606709,-0.316437,-0.76693,-0.328596,-0.85191,-0.37954,-0.293882,-0.28474,-0.669835,-0.256964,-0.480814,-0.438771,-0.674531,-0.24835,-0.721712,-0.165549,0.436308,-0.374682,-1.068898,-0.703821,-1.193305,-0.441705,-3.619529,-0.515244,-0.619752,-1.103675,-1.708802,-1.46515,-0.597497,-0.883966,-0.300644,-0.509905,-0.625475,-0.521287,-0.353641,-0.822277,-0.641164,-0.449877,-0.461733,-0.310923,-0.549095,-0.283024,-0.214888,-0.600648,-0.04867,-1.074428,-0.428004,-0.361787,-0.455207,-0.466568,-0.472137,-0.830995,-0.357849,-0.41834,-0.046919,-0.629727,-0.226226,-0.708672,-0.308827,-0.254916,-0.146426,0.482078,-0.289553,-0.299638,-0.218266,-0.381407,-0.248259,-0.040133,-0.664827,-0.712223,-0.160866,1.929444,-0.607065,-0.690789,-0.61973,2.283959,-0.976294,1.142034,0.16647,-0.497618,1.212479,-0.681986,-0.7294,-0.861563,-0.26499,-0.277827,-0.191361,-0.589483,0.570372,-1.683675,0.059592,-3.909883,-0.65684,0.975672,0.057116,-0.734314,-0.668707,-0.804622,-0.646641,-0.448821,-0.359333,-0.771009,-0.601408,-1.164582,-0.463008,-0.655843,-0.758133,-0.746984,-1.2706,-0.523704,-0.437441,-0.685856,-0.710893,-0.548311
fsh,-1.346316,-0.541539,-0.279805,-0.496727,-0.747356,-1.009527,-0.776623,-0.416846,-0.850167,-0.405594,-0.832762,-0.919762,-1.159738,-1.757193,-0.400546,-0.818511,-0.513067,-1.204805,-0.77674,-1.584883,-1.908773,-0.969596,-0.537669,-1.256756,-0.854775,-0.989502,-0.610703,-0.922262,-0.566045,-0.805556,-0.634926,-0.760827,-0.622837,-0.809558,-0.378622,-0.548823,-0.288079,-0.797052,-0.559321,-1.036829,-0.769375,-0.027149,-0.551431,-1.013979,0.243161,-0.794234,-0.518684,-2.926189,-0.583476,-0.486563,-0.97312,-0.503215,-1.214729,-0.759799,-1.255229,-0.504428,-0.705945,-0.793283,-0.868183,-0.474378,-1.017333,-0.84547,-0.504072,-0.645563,-0.517865,-0.709967,-0.39459,-0.344048,-0.895321,-0.58117,-1.288116,-0.555737,-0.540398,-0.564925,-0.773463,-0.64137,-0.996703,-0.589846,-0.595051,-0.262692,-0.681428,-0.385726,-0.676166,-0.619147,-0.4437,-0.317687,0.155849,-0.351843,-0.251974,-0.473383,-1.010307,-0.328264,-0.408807,-0.670403,-0.873713,-0.271919,-1.558718,-0.804736,-0.914939,-0.952372,-0.442762,-1.197046,-1.202621,-0.869343,-0.543471,-1.032106,-0.881625,-1.433662,-0.954046,-0.875308,-0.915927,-0.886654,-1.42497,-1.823631,-1.139243,-0.845901,-2.354332,-0.552679,-1.759182,-0.986451,-0.672351,-1.291137,-1.310426,-1.200998,-0.967559,-1.683285,-0.213986,-1.354736,-1.708549,-0.752872,-1.179014,-1.215763,-0.987042,-1.803761,-0.495656,-0.320877,-0.704962,-0.717038,-0.714155
coa,-1.618024,-1.154945,-0.463144,-0.662314,-1.026531,-1.30822,-0.911378,-0.512923,-1.054718,-0.260996,-0.483461,-3.222759,-0.34058,-7.386092,-0.077536,-0.234759,-0.654589,-0.778645,-0.605281,-5.412015,-3.72233,-0.748121,-1.043789,-3.033621,-0.473061,-0.639055,-0.89194,-1.089524,-0.715042,-1.148293,-0.754137,-0.719732,-0.596435,-1.05478,-0.07353,-0.6769,-0.381853,-0.757651,-0.750038,-0.838754,-0.874592,0.167549,-0.875717,-0.236559,0.008817,-0.113738,-0.946612,-2.362279,-0.463461,-0.532536,-0.787241,-0.090065,-0.813605,-0.965833,-1.538424,-0.670097,-0.856556,-1.052319,-2.0973,-0.7182,-1.331797,-1.003753,-0.475372,-0.784788,-0.760613,-1.309308,-0.802681,-0.621221,-1.157014,-1.023143,-1.583344,-0.696857,-0.910168,-0.771676,-0.877896,-0.907283,-1.383968,-0.789673,-0.755066,-0.458866,-1.007798,-0.439532,-0.942665,-0.536814,-0.780741,-0.403935,-0.074974,-0.635176,-0.637335,-0.44412,-1.012717,-0.283378,-0.309189,-0.43465,-1.042023,-4.613307,-21.639879,-0.878968,-0.829892,-0.953218,-3.056344,-3.133392,-4.604985,-9.947371,-0.728412,-9.966435,-0.673205,-1.18598,-1.102013,-0.847962,-0.698015,1.223527,-1.240008,1.201638,-4.182095,-32.830319,-3.939962,0.099464,-5.276199,0.449066,-0.522842,-1.043512,-31.236408,-1.104142,-1.287745,-0.361806,-0.781769,-0.186584,-0.907623,-0.455579,-0.699376,-0.945529,-0.737528,-0.920781,-0.590582,-0.620748,-0.980237,-0.828268,-0.901627
oil,-1.421846,-0.81894,-0.299659,-0.513813,-0.910727,-1.213986,-0.823632,-0.340659,-0.784924,0.080713,-0.15893,-4.148198,-0.254042,-2.324425,0.168621,0.050525,-0.529838,-0.44233,-0.277473,-3.978424,-0.863603,-0.450548,-0.655506,-1.156297,-0.327428,0.066547,-0.769059,-1.065198,-0.712609,-1.145183,-0.683908,-0.517731,-0.565576,-1.013014,-0.041654,-0.565449,-0.388115,-0.735529,-0.733214,-0.769426,-0.809022,0.202825,-0.631691,-1.713448,0.142858,0.082941,-0.936886,-2.349778,-0.424315,-0.442471,-0.764108,0.051899,-0.620378,-1.033821,-1.622037,-0.612646,-0.890433,-0.947634,-0.811508,-0.817053,-1.302746,-1.033752,-0.779967,-0.847714,-0.890485,-0.954888,-0.791468,-0.6281,-1.573624,-0.831257,-1.485317,-0.894954,-0.917704,-0.798432,-0.99941,-0.882598,-1.349115,-0.741805,-0.796952,-0.395174,-1.08813,-0.541232,-1.05213,-0.663764,-0.739148,-0.513285,0.028278,-0.664314,-0.608176,-0.626743,-1.065025,-0.217418,-0.451521,-0.550962,-0.511572,-0.255695,-0.764133,-0.665479,-0.733753,-0.847001,0.122914,-0.603503,-0.49787,-0.350131,-0.760058,-0.466966,-0.579045,-0.811059,-1.141067,-0.761653,-0.608061,1.529739,-0.446368,1.516458,34.62875,-14.890988,-0.337863,0.364012,-0.762319,1.00304,-0.38325,-0.861433,-1.811321,-0.610369,-0.011382,-0.273109,-2.505233,-0.159661,-0.698763,-1.088147,-0.528781,-1.962099,-0.712007,-0.683167,-0.619337,-0.663973,-0.790396,-0.677832,-0.769386
gas,-1.235984,-0.586549,-0.05891,-0.066044,-0.494807,-1.050441,-0.631031,-0.26461,-0.664407,-0.314083,0.026614,-1.950813,0.027029,-1.004291,0.231797,-0.106536,-0.229735,-0.587718,-1.508059,-0.483023,-1.061419,-0.257849,-0.505829,-1.91365,0.037497,0.103904,-0.640735,-0.963834,-0.574258,-1.010825,-0.605648,-0.397368,-0.410434,-0.9075,-0.023933,-0.644718,-0.375098,-0.611836,-0.48988,-0.634152,-0.654131,0.390043,-0.526443,-0.507133,0.045683,0.099572,-0.722834,-2.227732,-0.644026,-0.385181,-0.571992,0.17462,-0.501482,-0.868291,-1.404615,-0.606926,-0.226558,-0.821781,-0.78445,-0.607693,-1.136526,-0.921464,-0.647994,-0.691417,-0.721601,-0.810076,-0.569103,-0.44138,-1.110451,-0.733495,-1.370377,-0.737854,-0.745723,-0.687161,-0.749542,-0.537309,-0.984765,-0.630792,-0.633699,-0.276512,-0.863322,-0.477434,-0.918121,-0.406619,-0.592337,-0.357922,0.193484,-0.510577,-0.541894,-0.476946,-0.861102,-0.115071,-0.308833,-0.284548,-0.396979,-0.118094,-0.933015,-0.503549,-0.621986,-0.80707,0.281159,-0.442,-0.300949,-0.398452,-0.618218,-0.368734,-0.418783,-0.66072,-1.338855,-0.651523,-0.459938,1.650273,-5.25242,-0.567817,2.653863,-2.257732,-0.213663,-0.063596,0.071463,0.124891,-0.21816,-1.107471,-7.727857,-0.873604,-2.70238,-0.100683,-0.060122,-0.173977,-1.155272,-6.505335,-0.411071,-1.182923,-0.662635,-0.516695,-0.49836,-0.681349,-0.243134,-0.800648,-0.672474
omn,-1.394062,-0.522696,-0.426593,-0.531594,-0.709706,-0.969433,-0.593498,-0.31577,-1.273145,-0.178454,-0.575037,-1.614178,-1.06773,-0.997752,-0.647945,-0.317609,-1.411505,-1.089883,-0.700765,-0.341207,-1.442408,-0.771689,-0.502874,-0.901756,-1.152933,-0.959845,-0.668365,-0.950295,-0.538681,-0.863782,-0.553051,-0.350364,-0.53644,-1.07794,0.082496,-0.602471,-0.630214,-0.67142,-0.497078,-0.760541,-0.715257,0.080586,-0.52315,0.207667,-16.596649,-1.020688,-0.500137,-3.239527,-0.544854,1.97374,-0.850105,0.16174,-1.133379,-0.762627,-2.134894,-0.367138,-0.688818,-0.761726,-0.783655,-0.585031,-1.105041,-0.884857,-0.579825,-0.622671,-0.537755,-0.796794,-0.552026,-0.421732,-0.884196,-0.241283,-1.303281,-0.564252,-0.567746,-0.601574,-0.644147,-0.701209,-1.115655,-0.792568,-0.721485,-0.242127,-0.767946,-0.528392,-0.917832,-0.35798,-0.332028,-0.371387,0.237222,-0.5733,-0.322255,-0.332631,-0.796862,-0.226006,-0.281432,-0.309598,-0.568421,-0.084377,-1.242037,-0.722247,-1.006555,-1.346433,-0.313533,-0.999706,-1.042992,-0.852581,-0.667015,-0.855219,-0.508005,-1.089889,-1.149665,-0.780864,-0.756666,1.044731,-1.386836,0.452424,1.14204,0.481966,-2.549277,-0.225302,1.012744,1.052158,-0.460597,-0.855182,-0.895022,-0.827604,-0.187197,-1.24522,-0.601593,-0.192432,-1.03496,-0.506614,-0.804375,-0.915944,-0.597059,-0.984026,-0.334818,-0.485383,-0.788379,-0.580211,-0.74811
cmt,-3.914022,-1.259227,0.050874,-0.837274,-1.328023,-2.920177,-2.008166,-0.280481,-1.384365,1.26075,0.064729,1.469709,-0.09847,0.708074,1.914998,1.204621,-0.083401,-0.260483,0.427549,1.595836,-0.859586,0.27195,-0.615543,-1.748194,0.117803,0.175402,-1.581655,-2.769203,-1.524494,-2.872311,-1.421405,-1.276618,-1.242634,-2.505577,-0.177055,-1.377163,0.142685,-1.850906,-1.300649,-2.396501,-1.897221,1.463215,-1.307311,1.74218,2.410834,0.977291,-1.16826,-5.955181,0.125419,0.05,-1.383202,1.221367,-1.1383,-2.293452,-3.864291,-1.222543,-2.06337,-2.204739,-2.407616,-1.517029,-3.205102,-2.477984,-1.898377,-2.059636,-1.48735,-2.285642,-1.364213,-1.112366,-2.698703,-1.185409,-4.19042,-1.755278,-1.652225,-1.831421,-1.874333,-2.000328,-2.999161,-1.853313,-1.773272,-0.820851,-2.05406,-1.191748,-2.341361,-1.227356,-1.384685,-0.863298,0.573205,-1.225074,-1.078041,-1.208817,-2.72806,-0.280405,-0.744539,-1.476361,-1.376218,-0.116689,-1.758312,-1.7357,-1.678102,-1.39527,1.115247,-1.16855,-0.636221,-0.16768,-1.580225,-0.94021,-1.399143,-2.225516,-2.57862,-1.983335,-1.789087,4.321483,-1.290833,4.276531,3.224913,1.643693,-0.798108,1.711576,5.057438,2.87764,-0.811029,-2.161006,-1.012862,-1.354237,0.244554,-0.655939,1.150151,0.058178,-1.938,-1.032881,-1.464896,-1.753488,-1.629195,-1.174743,-1.027519,-0.996008,-1.673034,-1.439574,-1.680625
omt,-3.599918,-1.397439,-0.359397,-0.849293,-1.095529,-3.047729,-2.08551,-0.296248,-1.283256,1.310907,1.088837,1.456345,0.062874,0.662414,2.423864,1.388116,0.048296,-0.393226,0.096056,1.756028,-0.682668,0.124507,-0.578585,-1.724842,0.201643,0.205031,-1.349893,-2.680805,-1.655582,-2.770524,-1.533263,-1.295816,-1.058413,-2.742042,-0.141247,-1.408994,0.057662,-1.941807,-1.136737,-2.591691,-1.916958,1.331358,-1.285429,1.734727,1.701446,0.937349,-0.963387,-6.332998,0.060393,-0.11297,-1.403472,1.538364,-1.455865,-2.299274,-3.760059,-1.118025,-2.0335,-2.572385,-2.691882,-1.509231,-3.264352,-2.985015,-1.818972,-1.875549,-1.165155,-2.226592,-1.239513,-1.031206,-2.348958,-1.141054,-4.087415,-1.809976,-1.699448,-1.819917,-1.723757,-2.032862,-2.947422,-2.145912,-1.778638,-0.737246,-1.870382,-1.288256,-2.239004,-1.216577,-1.381654,-0.842561,0.75311,-1.527478,-1.177905,-1.202432,-2.642965,0.047687,-0.759536,-2.383158,-1.603376,0.158576,-1.860183,-1.739831,-1.509519,-1.733598,0.184832,-1.020479,-0.877327,-0.371158,-1.614043,-1.742791,-1.338535,-2.240945,-2.650213,-2.015609,-1.810164,4.46793,-1.220349,3.946398,2.995764,1.708683,-1.181962,1.596182,5.010713,2.064656,-1.090911,-2.606144,-0.958323,-1.295022,0.073042,-0.55001,1.033752,-0.040151,-1.888073,-1.027554,-1.512487,-1.737368,-1.79138,-1.224752,-0.934051,-1.085958,-1.646801,-1.6146,-1.658949
vol,-2.972955,-0.518022,0.748467,-0.645439,-0.966098,-2.597161,-1.868988,-0.55943,-1.381713,1.932811,2.255515,1.0068,-0.450225,1.071682,0.803469,0.432687,0.469513,-0.594982,0.240103,2.531324,-1.382463,-0.326152,-0.480322,-0.939026,0.965206,0.488361,-0.340631,-2.391994,-1.401787,-2.758177,-1.52081,-2.157219,-1.319445,-2.112331,-0.257065,-1.059457,0.567516,-1.813269,-0.846946,-2.418192,-1.692882,1.365957,-1.171312,0.762157,0.199489,0.222353,-2.586238,-6.470507,0.44653,-0.51608,-1.926084,1.307491,-1.095202,-1.942963,-2.797236,-0.204627,-1.807594,-1.264219,-1.784216,-0.455051,-2.770411,-2.371621,-1.503805,-1.679162,-0.82997,-1.708074,-0.716562,-0.1471,-1.99621,-0.47641,-4.081438,-1.273535,-1.008745,-1.681635,-1.137168,-1.943661,-1.936964,-1.713998,-0.840568,-1.17196,-1.529659,-1.434455,-2.138921,-0.438777,-0.799777,-0.809445,1.174274,-0.300494,-0.768957,-0.944952,-2.194213,0.455954,0.987881,-2.932609,-2.458898,-1.135764,-1.360729,-1.438629,-1.44892,-1.467784,1.093557,-0.499737,-0.347993,-0.105637,-1.300185,1.295217,-2.063804,-5.146662,-2.677737,-2.280078,-1.566652,3.567163,-1.16337,4.919989,5.108517,3.725809,-8.921855,1.308681,5.619696,2.301909,-1.192055,-0.834957,-3.207921,-0.124739,0.858153,0.891853,0.600888,0.779275,-2.131479,-0.075306,-1.246487,-1.662179,-1.050343,-1.501008,-0.263692,-0.086087,-1.339368,-1.50314,-1.175141
mil,-3.643388,-1.397453,-0.054477,-0.842045,-1.315349,-2.979999,-1.998826,-0.547064,-1.364189,1.399066,0.475075,1.297411,-0.029109,1.260327,1.564405,1.300051,-0.066017,-0.401997,0.129335,2.143766,-1.648782,0.341259,-0.772445,-1.755338,-0.090682,0.018717,-1.703417,-2.779425,-1.522221,-2.994889,-1.409484,-1.248992,-1.192839,-2.502863,-0.123205,-1.395982,0.169972,-1.966549,-1.149633,-2.450376,-1.870892,1.489999,-1.240415,1.913831,1.350913,0.819069,-0.97289,-6.772484,-0.00784,0.31126,-1.552689,1.357836,-1.57892,-2.36773,-3.751321,-1.1315,-2.195744,-2.422667,-2.425169,-1.557667,-3.272521,-2.63748,-1.849291,-1.892925,-1.651288,-2.263579,-1.395214,-1.124367,-2.433727,-1.306823,-4.156269,-1.714846,-1.707706,-1.804389,-1.856143,-1.990976,-3.063143,-1.854625,-1.780842,-0.803731,-2.142445,-1.198835,-2.556651,-1.279448,-1.409403,-0.837773,0.57,-1.301676,-1.052273,-1.28346,-2.726435,-0.375421,-0.761959,-1.315906,-1.473041,-0.321082,-1.774669,-1.723697,-1.521228,-1.369368,0.544481,-0.877798,-0.576989,-1.060432,-1.506842,-0.831425,-1.472846,-2.331112,-2.769608,-2.104036,-1.883913,4.26975,-1.205417,4.009524,3.277566,1.828636,-3.045814,1.131858,5.210319,2.684316,-0.660932,-2.119447,-1.264612,-1.488884,-0.04416,0.03643,0.842707,-0.239856,-1.851086,-1.147403,-1.473513,-1.768009,-1.694279,-1.272928,-0.996942,-1.077787,-1.670013,-1.453592,-1.687533
pcr,-3.265365,-1.085992,-0.025268,-0.847211,-1.186102,-3.052273,-1.931414,1.767746,-1.06442,1.599061,0.778089,1.639173,0.123769,0.547943,2.267831,1.381805,0.950308,-0.258914,0.470999,1.654276,-1.574751,0.364541,-0.827929,-1.603914,0.164445,-0.233874,-1.695844,-2.115171,-1.466106,-2.812536,-1.967473,-1.330692,-1.023595,-2.767164,-0.00538,-1.346942,-0.236113,-1.7737,-2.212233,-2.27107,-2.145401,1.578267,-1.31508,1.407742,1.280547,1.261042,-0.944791,-5.745983,0.128848,-0.193944,-1.422935,0.438793,-1.537227,-2.69157,-5.08347,-0.280293,-1.45028,-1.83677,-1.93339,-1.066939,-3.127087,-2.254212,-1.791903,-1.612314,-1.474732,-1.686555,-0.814219,-0.108371,-2.806952,-0.504492,-3.85566,-1.09258,-1.678611,-1.657224,-1.666987,-1.762635,-2.435377,-2.535399,-1.805742,-0.48343,-1.772313,-1.069935,-3.778215,-3.658068,-1.309968,-1.357948,-0.425526,-1.163381,-0.846604,-1.220603,-2.41648,-0.193928,-0.344778,-1.043403,-2.404091,0.090071,-1.318028,-1.270293,-1.441771,-1.390334,1.501846,-0.660504,-0.385908,-0.377689,-1.795654,0.727832,-2.22221,-2.395691,-2.610331,-1.153357,-2.969943,1.736337,-0.316995,3.407191,3.526407,2.580578,-1.816731,0.040805,3.403504,3.406042,-1.296327,-0.661209,-3.128211,-0.485473,-0.042522,0.585156,-0.095161,-0.019422,-1.547425,-0.832432,-0.4435,-1.736262,-0.097328,-1.163737,1.238251,-0.408314,-1.609117,-1.348629,-2.484579
sgr,-3.478656,-0.356419,1.102952,-0.570204,-1.606675,-2.924136,-1.739739,-0.336687,-1.462795,1.522867,1.779096,1.255396,-0.518864,2.55329,-0.010148,1.059051,1.139775,-0.260237,0.273041,1.575927,-1.160914,0.106763,-0.506117,-1.645455,-1.426356,0.03564,-1.680966,-2.538832,-1.537021,-2.793906,-1.351826,-1.256969,-1.589329,-2.245251,-0.080351,-1.259791,0.084855,-1.940721,-1.119696,-2.543193,-1.996812,1.291457,-1.307377,1.641433,1.511733,-0.84198,-0.946205,-5.930694,-0.288046,-2.396274,-1.618257,0.205017,-1.432638,-2.17147,-3.273124,-0.524926,-2.086442,-2.107516,-2.264155,-0.968357,-2.812936,-2.296321,-1.620022,-1.753908,-1.45654,-2.115071,-1.377743,-0.978979,-2.572134,-0.388124,-3.736226,-1.607583,-0.653443,-1.802088,-1.458362,-1.691567,-2.848901,-1.144304,-1.311208,-0.790617,-1.908614,-0.534284,-2.061298,0.245058,-1.070408,-0.488244,0.76448,-1.153862,-0.907225,-0.976913,-2.09464,1.437799,-0.359057,-1.127566,-1.943711,1.228509,-1.299689,-1.821875,-0.574729,-1.232755,0.984229,0.637144,-0.531869,0.038395,-1.519526,0.62471,-0.338337,-2.785161,-2.615648,-1.482881,-1.15052,5.609897,-1.331107,3.509981,1.959285,2.594564,-2.02401,2.249849,1.190967,2.22198,-1.553872,-1.835758,-1.266644,-1.92193,0.35384,0.07323,-0.404059,0.821596,-1.554423,-0.444094,-3.434631,-1.698509,-1.945292,-1.799137,-0.417731,-0.771283,-1.51964,-1.624806,-1.420213
ofd,-3.650684,-1.230912,0.169763,-0.747985,-1.218294,-2.964799,-2.098217,-1.044097,-1.407307,1.54512,1.112605,1.55097,-0.053355,0.649407,1.754317,1.338193,-0.024536,-0.378373,0.253022,1.78187,-1.735544,0.201732,-1.172337,-1.786384,-0.195309,-0.314623,-1.670711,-2.697095,-1.54537,-2.777019,-1.40028,-1.466991,-1.254146,-2.464175,-0.175076,-1.292964,0.122945,-2.042939,-1.213453,-2.434872,-1.920992,1.374869,-1.347399,1.620773,1.257609,0.681597,-1.1259,-6.326089,0.164871,0.124599,-1.491914,0.99365,-1.376308,-2.313192,-3.919834,-1.31873,-2.105386,-2.395837,-2.976387,-1.493382,-3.165726,-2.595774,-1.844236,-1.965711,-1.541427,-2.226344,-1.387744,-1.084885,-2.340993,-1.162791,-3.971224,-1.74114,-1.703307,-1.803858,-1.848755,-1.96467,-2.991339,-1.748775,-1.741498,-0.689167,-1.896815,-1.651162,-2.335628,-1.43613,-1.442308,-0.85109,0.654105,-1.33413,-1.160065,-1.219594,-2.650607,-1.241667,-1.017466,-1.336451,-1.808351,-0.240516,-1.637498,-1.646372,-1.681497,-1.61926,1.107943,-0.997629,-0.545133,-0.017462,-1.644787,-0.652045,-1.622222,-2.529123,-2.853527,-1.906432,-2.00314,4.669173,-1.61123,4.458205,2.450355,2.01802,-2.419957,1.827976,4.307263,1.931078,-0.746029,-1.987069,-0.995772,-1.311237,0.198455,-0.24615,0.779036,-0.455801,-1.621318,-1.454873,-1.57185,-1.832868,-1.601081,-1.403038,-0.850463,-0.944048,-1.691344,-1.388756,-1.667983
b_t,-3.702877,-1.355181,0.016644,-0.745546,-1.40137,-2.96558,-1.863659,-0.467447,-1.287869,1.450234,0.741462,1.269875,0.060338,0.539268,2.028687,1.561591,0.233431,-0.10714,0.408154,1.588323,-1.548839,0.241308,-0.625208,-1.733164,0.132884,0.015744,-1.720307,-2.70287,-1.526885,-2.886356,-1.347387,-1.264154,-1.225815,-2.488041,-0.042062,-1.372515,0.167113,-1.837319,-1.219636,-2.297007,-1.873079,1.473567,-1.340883,1.927659,1.883684,0.474605,-0.92884,-5.85892,0.203587,0.335796,-1.672538,1.265356,-1.030076,-2.418818,-3.948701,-1.255344,-2.140378,-2.489855,-2.791387,-1.556823,-3.248892,-2.646701,-1.821766,-1.904993,-1.712114,-2.296542,-1.418393,-1.125654,-2.642271,-1.277134,-4.027518,-1.724937,-1.749227,-1.82392,-1.894938,-1.989577,-3.074133,-1.806022,-1.860875,-0.809884,-2.099556,-1.277179,-2.39746,-1.216842,-1.355723,-0.874365,0.551208,-1.250759,-1.109159,-1.234643,-2.714684,-0.487538,-0.787024,-1.191684,-1.481659,-0.350891,-1.622971,-1.631367,-1.481951,-1.805599,1.063224,-1.092652,-0.59184,-0.020457,-1.599394,-0.817072,-1.509874,-2.208361,-2.638253,-1.900117,-1.710574,4.621643,-1.335053,4.297854,3.225435,1.75086,-0.97414,1.860497,4.889903,3.053386,-0.649247,-2.188861,-1.208392,-1.375674,0.28498,-0.831859,1.091681,0.014433,-1.982311,-1.153961,-1.49573,-1.714033,-1.670929,-1.25856,-0.966679,-1.108672,-1.713067,-1.467085,-1.732854
tex,-3.58738,-1.339656,0.26673,-0.831193,-1.117407,-2.829412,-1.67747,0.170684,-1.128837,1.165201,0.522698,1.528972,0.128997,0.240454,2.290554,1.623672,0.177995,-0.248276,0.311378,1.208347,-1.315663,-0.016529,-0.982761,-2.216859,1.080135,0.851657,-1.530322,-2.658267,-1.421573,-2.902871,-1.421325,-0.915785,-1.166263,-2.464742,0.35824,-1.261628,-0.112897,-1.848922,-1.298165,-2.241887,-1.70058,1.819663,-1.026696,2.477329,1.876559,1.786992,-0.907701,-6.477054,0.383266,0.449031,-1.783765,-0.936888,-1.204283,-2.219787,-3.723686,-1.159634,-1.998306,-2.21193,-3.292624,-1.411563,-3.218128,-2.479074,-1.819615,-1.712951,-1.480945,-2.266549,-1.327351,-0.905186,-2.43619,-0.927917,-3.888128,-1.527784,-1.579938,-1.699901,-1.765211,-1.915661,-2.921934,-1.610747,-1.565415,-0.526089,-2.11862,-0.787503,-2.398097,-0.930366,-1.146667,-0.745124,0.894974,-1.291784,-1.074284,-1.111857,-2.632736,-0.180738,-0.708829,-1.657232,-1.410175,0.200096,-1.832762,-1.548256,-1.192433,-1.646625,1.168972,-0.92652,-0.57541,-0.010128,-1.500983,-0.611525,-1.164356,-2.234115,-2.725949,-1.72106,-1.620507,5.515771,-1.786903,4.245641,2.896368,2.223034,-4.468625,2.170307,3.791431,0.484363,-0.493903,-2.166444,-1.473784,-0.843419,0.768584,-0.602913,1.104387,0.081684,-1.544698,-2.269012,-1.330515,-1.957079,-1.754492,-1.383829,-0.594194,-1.020467,-1.56575,-1.461052,-1.551588
wap,-3.695466,-1.408201,0.258626,-0.737787,-1.45111,-3.01934,-1.851195,-0.347447,-1.168552,1.757064,0.870648,1.330799,-0.095258,0.375737,2.077893,1.761065,-0.26283,-0.063491,0.466311,1.743511,-1.107717,0.062041,-1.193385,-1.426973,0.838044,0.413922,-1.68074,-2.724357,-1.431186,-2.918918,-1.409911,-1.25966,-1.181511,-2.567622,0.087201,-1.383333,0.297171,-1.898162,-1.205739,-2.338026,-1.802702,1.874041,-1.162193,2.399448,1.821435,1.147777,-0.561931,-6.546875,0.376015,0.327272,-1.616819,1.300439,-1.167963,-2.391771,-3.889109,-1.128452,-2.092966,-2.443537,-2.887547,-1.549163,-3.292524,-2.612777,-1.817972,-1.856054,-1.646416,-2.324793,-1.419967,-1.067052,-2.578209,-1.237801,-4.068251,-1.70598,-1.694514,-1.809648,-1.890584,-1.979135,-3.063904,-1.704824,-1.664398,-0.670835,-2.19168,-0.892858,-2.490133,-1.148316,-1.224621,-0.720787,0.685946,-1.373074,-1.239705,-1.121039,-2.702385,-0.619041,-0.69742,-1.294159,-1.175291,0.191765,-2.234569,-1.597651,-1.44759,-1.765248,0.992047,-0.987966,-0.80242,-0.238473,-1.594652,-1.004948,-1.309727,-2.213601,-2.708312,-1.648232,-1.700649,5.304647,-1.23534,4.666724,3.86,2.119389,-0.956661,2.067244,4.999289,3.052832,-0.59789,-2.284688,-1.018468,-1.134479,0.898715,-0.736383,1.2171,0.258683,-1.820055,-0.900923,-1.289327,-1.768841,-1.967861,-1.05456,-0.8165,-1.119917,-1.689371,-1.301752,-1.633265
lea,-4.007076,-1.279566,0.366796,-0.873119,-1.50663,-2.951717,-1.762659,0.279573,-1.378469,0.7317,0.990903,1.659237,0.039865,-0.026319,2.053703,1.710252,-0.984318,-0.038681,0.572207,1.128758,-1.762182,-0.250439,-1.520795,-1.763364,0.523919,0.316492,-1.507273,-2.57997,-1.417982,-2.906785,-1.354405,-1.084729,-0.992999,-2.386388,0.264256,-1.288683,0.498985,-1.811284,-1.188252,-2.245072,-1.693148,2.137517,-1.243906,2.320761,1.75118,1.359764,-0.86303,-6.274005,0.516713,0.500293,-1.572089,1.113728,-1.064616,-2.287977,-3.56487,-1.02205,-1.939902,-2.288279,-2.23942,-1.447626,-3.06189,-2.414257,-1.745281,-1.693585,-1.471686,-2.179786,-1.3474,-1.053128,-2.193978,-1.094887,-3.943516,-1.601253,-1.448425,-1.644093,-1.71215,-1.807998,-2.981925,-1.357489,-1.365041,-0.625607,-2.04195,-0.628186,-2.223211,-0.981767,-1.279994,-0.541458,0.9245,-1.280156,-1.135863,-0.992956,-2.507356,-0.295188,-0.528633,-1.832372,-1.607931,0.08168,-2.099921,-1.343119,-1.183099,-1.617745,0.69473,-1.184957,-1.005504,-0.690124,-1.513968,-1.174391,-1.396313,-1.991422,-2.614393,-1.554136,-1.647285,5.513999,-1.066195,5.19231,4.489485,2.430655,-4.373785,2.288886,6.102788,4.050731,-0.456411,-2.247971,-1.258623,-0.971875,0.652043,-0.893545,1.268543,0.137264,-0.913679,-0.537363,-0.5457,-1.617361,-2.149337,-1.01151,-0.837812,-0.919473,-1.55816,-1.513701,-1.423681
lum,-3.713396,-1.415127,0.214692,-0.770612,-1.297844,-2.977105,-1.825792,-0.205979,-1.374019,1.375464,0.843825,1.3315,-0.217992,0.130605,1.567464,1.624909,-0.184425,-0.319596,-0.180025,0.476326,-1.242933,-0.044753,-0.630056,-1.667207,0.372654,0.546113,-1.690998,-2.760882,-1.429583,-2.97444,-1.375714,-1.152352,-1.189667,-2.495889,0.044277,-1.353459,0.299028,-1.886363,-1.196041,-2.338145,-1.861635,1.664507,-1.278096,1.389267,1.624031,0.911415,-0.970462,-6.663254,0.181889,0.061585,-1.644556,0.16221,-1.350608,-2.448108,-3.868407,-1.115798,-2.173198,-2.442539,-2.316942,-1.542227,-3.365667,-2.624411,-1.803842,-1.899432,-1.684394,-2.354635,-1.388918,-1.115159,-2.675897,-1.236603,-4.13454,-1.735162,-1.685288,-1.879257,-1.895182,-1.970055,-3.134752,-1.746916,-1.75951,-0.69277,-2.234519,-1.006371,-2.531011,-1.189868,-1.347029,-0.82368,0.747514,-1.267234,-1.127415,-1.219994,-2.770784,0.045463,-0.713879,-1.384324,-1.002336,-0.031488,-1.973202,-1.567554,-1.374516,-1.658275,1.119607,-1.235608,-0.85366,-0.314627,-1.619619,-1.02908,-0.963935,-2.496897,-2.715351,-1.953853,-1.714633,5.426317,-1.065838,5.318325,3.239023,2.391638,-0.673133,1.948995,6.950326,3.316269,-0.500625,-2.550883,-0.693237,-1.157855,0.625213,-1.169494,1.104175,0.41527,-1.685525,-0.802306,-1.293173,-1.652271,-1.91049,-1.144369,-0.931727,-1.133449,-1.637827,-1.49483,-1.7043
ppp,-3.820047,-1.511622,0.154576,-0.787809,-1.396392,-3.061185,-1.880401,-0.223745,-1.319945,1.618417,0.674789,1.119346,-0.433462,0.863984,1.971379,1.481613,-0.493024,-0.220154,0.299701,1.640241,-1.084111,0.090969,-0.679928,-1.696736,0.194424,0.36575,-1.777508,-2.819144,-1.543622,-3.033462,-1.414301,-1.308855,-1.191068,-2.611447,0.062892,-1.380392,0.200512,-1.899932,-1.26655,-2.361168,-1.917074,1.593418,-1.380867,2.199472,1.958377,0.997381,-1.036368,-6.681616,0.089883,0.117532,-1.595073,1.297514,-1.121413,-2.547903,-3.980238,-1.182734,-2.225964,-2.553029,-2.458096,-1.627498,-3.40318,-2.705603,-1.851356,-1.978775,-1.814184,-2.395741,-1.522127,-1.207956,-2.766605,-1.432122,-4.210938,-1.808685,-1.771162,-1.940598,-1.991194,-2.049476,-3.214031,-1.852213,-1.809903,-0.763701,-2.275591,-1.070392,-2.506512,-1.23484,-1.430642,-0.897734,0.658642,-1.34441,-1.109111,-1.27231,-2.826895,-0.245448,-0.72941,-1.329316,-1.252265,-0.24469,-1.745496,-1.54861,-1.528922,-1.956156,1.167285,-0.890787,-0.641676,-0.039526,-1.663111,-0.876083,-1.330936,-2.306172,-2.735423,-2.003561,-1.73537,5.65765,-1.180024,4.996131,4.115059,2.282015,-1.770011,2.051212,6.213402,3.451599,-0.636408,-2.23161,-0.907166,-1.125363,0.577958,-0.725475,1.056975,0.38598,-1.671078,-0.848828,-1.245744,-1.746189,-1.781434,-1.142045,-0.963979,-1.102331,-1.771725,-1.545995,-1.775752
p_c,-3.783567,-1.429914,0.000565,-0.776845,-1.90413,-3.051233,-1.949255,-0.618971,-1.258062,1.734161,0.38943,0.667829,-0.106701,0.355745,2.140182,1.743584,0.052772,-0.063563,0.362901,1.958617,-1.419717,-0.013158,-1.071735,-1.586683,0.224065,0.338153,-1.811605,-2.798887,-1.584019,-2.995256,-1.439184,-1.26312,-1.154703,-2.643826,0.02957,-1.469893,-0.112332,-1.886361,-1.253623,-2.272056,-2.004667,1.616328,-1.375741,1.30619,2.040013,1.199323,-1.086035,-6.824604,0.081793,0.09,-1.495084,1.516913,-0.94505,-2.564086,-4.0202,-1.492341,-2.240284,-2.59087,-2.635211,-1.645548,-3.38491,-2.71458,-1.741771,-1.974416,-1.787025,-2.392288,-1.94344,-1.238647,-3.104138,-1.901263,-4.212435,-1.809286,-1.748069,-1.968401,-2.361713,-2.042859,-3.259007,-1.860587,-1.807888,-0.844098,-2.263933,-1.043948,-2.571504,-1.204545,-1.422413,-0.905906,0.610119,-1.418111,-1.139005,-1.293853,-2.78955,-0.22512,-0.788039,-1.355157,-1.222509,-0.483412,-1.583073,-1.621093,-1.470131,-1.893242,1.303263,-1.121633,-0.934815,0.030951,-1.648183,-0.862761,-1.354992,-2.179271,-2.656373,-1.930641,-1.667072,5.576763,-1.138687,5.041877,4.198716,1.852762,-1.016593,2.108618,5.582619,4.306752,-0.582587,-2.19731,-1.276389,-1.233455,0.425385,-0.706854,0.747958,0.034402,-1.602577,-1.246741,-1.539976,-1.714852,-1.708603,-1.187266,-1.343127,-1.480887,-1.771949,-1.526405,-1.765524
crp,-3.774769,-1.524525,0.099957,-0.799243,-1.481157,-3.041029,-1.81025,-0.115027,-1.187557,1.45272,0.234961,-0.471277,-0.263874,1.254327,1.741293,1.189404,-0.244053,-0.178294,0.13161,1.680135,-0.689865,-0.043783,-0.924973,-1.295814,0.218088,0.444747,-1.748934,-2.81308,-1.552009,-2.977961,-1.406827,-1.229369,-1.182971,-2.626532,0.162532,-1.297509,0.120386,-1.842032,-1.248965,-2.213437,-1.949749,1.531575,-1.43006,2.175346,1.867628,0.781828,-1.062839,-6.706573,0.024345,0.275893,-1.730509,1.134366,-1.195052,-2.539189,-3.927119,-1.199532,-2.182166,-2.581028,-2.494414,-1.606368,-3.420557,-2.67896,-1.76752,-1.915066,-1.815243,-2.41577,-1.59664,-1.193981,-2.796144,-1.324925,-4.03836,-1.808955,-1.68572,-1.87171,-2.047403,-2.015477,-3.18236,-1.810958,-1.818338,-0.625152,-2.291223,-0.934461,-2.566747,-1.248877,-1.427277,-0.890623,0.870242,-1.320021,-1.09232,-1.205128,-2.607095,-0.04297,-0.518388,-1.27758,-1.090462,-0.044793,-1.417203,-1.427989,-1.495807,-2.080389,1.288887,-0.897438,-0.81759,0.16984,-1.681608,-0.931455,-1.251238,-2.154652,-2.783526,-1.944174,-1.607022,4.795137,-1.462899,5.115155,4.101712,2.81072,-2.428307,2.191731,6.262112,3.934136,-0.538844,-2.117208,-0.802512,-0.990486,0.559195,0.085709,0.970012,0.394626,-1.872133,-0.834097,-1.224212,-1.641394,-1.16689,-1.081476,-0.994088,-1.246666,-1.776389,-1.736237,-1.699803
nmm,-3.804513,-1.436837,0.107084,-0.764655,-1.200942,-3.062473,-1.869666,-0.416457,-1.363653,1.509705,1.192097,2.101742,-0.32978,0.274041,1.927321,1.267027,-0.303464,-0.191042,0.274547,1.476342,-1.239368,-0.133238,-0.414087,-1.720726,0.208846,0.446807,-1.772279,-2.8113,-1.540999,-2.984934,-1.368191,-1.308123,-1.175356,-2.612707,-0.042024,-1.440458,0.052518,-1.878352,-1.206719,-2.346844,-1.991548,1.537336,-1.363082,1.660575,1.962575,0.865362,-1.016847,-6.552319,-0.012512,0.04568,-1.691665,1.210313,-1.229706,-2.546711,-3.939889,-1.111637,-2.225073,-2.529097,-2.429095,-1.611559,-3.385084,-2.690639,-1.725628,-1.95485,-1.785763,-2.380868,-1.48393,-1.129082,-2.777905,-1.293935,-4.182875,-1.796426,-1.751318,-1.894894,-1.961752,-2.007567,-3.200493,-1.829683,-1.825583,-0.786506,-2.23345,-1.012535,-2.403139,-1.08912,-1.386685,-0.870327,0.604134,-1.29006,-1.073634,-1.223594,-2.794806,-0.308167,-0.752806,-1.107687,-1.288983,-0.310342,-1.615835,-1.624316,-1.54397,-1.96882,1.264884,-1.137374,-0.681969,-0.081041,-1.6521,-0.937072,-1.401648,-2.287975,-2.624398,-1.707879,-1.474112,5.42593,-1.238718,4.762789,3.61274,2.323572,-0.957938,1.910122,5.921622,3.675112,-0.686818,-2.159509,-0.913219,-1.029938,0.997752,0.125993,1.007071,0.160734,-1.797236,-0.959821,-1.419828,-1.735745,-1.60242,-1.059837,-0.984993,-1.147954,-1.783467,-1.537433,-1.760661
i_s,-3.831303,-1.732422,-0.038,-0.764172,-1.684922,-3.143582,-1.953227,-0.252961,-1.544734,1.225196,0.83762,1.609256,-0.418854,1.108656,1.842025,1.336192,-0.805361,-0.427091,0.13248,1.501459,-0.305074,-0.207917,-1.021505,-1.670769,0.326092,0.410662,-1.792219,-2.866078,-1.559702,-3.047648,-1.530297,-1.162511,-1.119547,-2.669132,0.256587,-1.273652,-0.086018,-1.760715,-1.318817,-2.11487,-1.971241,1.504248,-1.529596,2.474732,2.513253,1.219214,-1.100163,-6.611217,0.164603,-0.105273,-1.751842,1.709117,-1.16019,-2.581226,-4.009619,-1.302937,-2.214418,-2.598677,-2.52188,-1.673172,-3.466035,-2.738423,-1.967278,-1.969119,-1.861673,-2.440308,-1.578948,-1.30363,-2.87561,-0.989106,-4.330452,-1.822302,-1.824111,-1.940397,-2.027762,-2.061285,-3.237403,-1.879003,-1.807593,-0.708063,-2.267103,-0.982989,-2.615808,-1.2209,-1.389628,-0.95105,0.667306,-1.373331,-1.231833,-1.231699,-2.700924,-0.286558,-0.768183,-0.973724,-1.053929,-0.250055,-1.916563,-1.583985,-1.546916,-1.95956,1.058925,-1.336458,-0.792469,-0.292131,-1.737076,-1.048706,-0.981792,-2.05074,-2.762991,-1.837016,-1.543375,5.884356,-0.883221,5.321927,4.051318,2.141225,-1.83151,2.179779,6.64068,3.579504,-0.842762,-2.167675,-0.975507,-0.948187,0.213293,-0.233191,0.533488,0.304207,-1.349964,-1.009141,-1.147738,-1.729112,-1.285161,-0.879067,-1.178817,-1.241171,-1.842761,-1.490726,-1.678737
nfm,-3.84464,-1.781257,0.167916,-0.757827,-0.970498,-3.130774,-1.944707,-0.105224,-1.544027,1.179182,0.906564,1.966469,0.143025,0.194159,1.68003,1.620868,-0.678972,-0.332671,0.062054,1.161668,-1.169684,-0.329636,-0.849845,-1.448908,0.482951,0.127243,-1.829562,-2.930079,-1.612239,-2.954865,-1.616583,-0.982847,-1.012076,-2.678467,0.764847,-1.108217,-0.206184,-1.729222,-1.424836,-1.924771,-2.024693,1.674502,-1.369043,1.839309,2.34397,1.281836,-0.899774,-6.609555,0.283603,-0.004929,-1.707555,-0.43783,-1.161041,-2.637199,-4.024534,-1.162344,-2.292161,-2.639054,-2.506004,-1.722589,-3.520841,-2.795678,-1.83849,-2.046471,-1.662187,-2.54319,-1.639377,-1.261416,-2.928792,-1.181636,-4.344499,-1.893159,-1.838806,-1.97181,-2.039659,-2.090309,-3.277618,-1.97665,-2.344786,-0.716262,-2.483757,-0.945871,-2.600267,-1.120712,-1.425486,-0.964194,0.784784,-1.425449,-1.34196,-1.217816,-2.705919,-0.368674,-0.734854,-0.911547,-0.986432,-0.330106,-1.61668,-1.503061,-1.61268,-2.034171,0.610034,-2.046392,-1.196523,-0.788437,-1.757829,-1.630441,-0.974595,-2.148055,-2.816322,-1.930666,-1.689465,6.288003,-0.994849,6.691332,5.167328,2.662434,-1.593324,2.637422,8.017292,4.347499,-0.638862,-2.038059,-1.201148,-0.689616,0.879061,-0.303625,0.774974,0.495466,-1.379838,-1.112659,-0.941155,-1.742438,-1.245631,-0.999422,-1.453076,-1.160899,-1.974291,-1.777559,-1.878717
fmp,-3.797636,-1.484135,0.12261,-0.738315,-1.360606,-3.048894,-1.874148,0.009128,-1.419991,1.492056,1.256525,1.615907,-0.292768,0.547847,1.954397,1.510566,-0.57445,-0.197533,0.37164,1.383001,-1.083103,-0.008274,-0.790121,-1.67763,0.284683,0.211359,-1.757212,-2.809784,-1.506996,-2.985801,-1.468234,-1.163253,-1.149313,-2.622505,0.115155,-1.432743,0.147356,-1.846374,-1.23757,-2.320773,-1.905236,1.593394,-1.331623,1.65746,1.972179,0.778134,-0.991269,-6.24703,0.13926,0.110074,-1.677399,0.775269,-1.16816,-2.514571,-3.936004,-1.158904,-2.201851,-2.49923,-2.400989,-1.620226,-3.402667,-2.692086,-1.861804,-1.955532,-1.745312,-2.401811,-1.437892,-1.174028,-2.748732,-1.270492,-4.196513,-1.781298,-1.748622,-1.917875,-1.950386,-2.004805,-3.203272,-1.803558,-1.739153,-0.679867,-2.223366,-0.98804,-2.375203,-1.186341,-1.38219,-0.898226,0.671072,-1.312272,-1.149466,-1.22462,-2.741141,-0.130242,-0.699831,-1.321755,-1.118237,-0.290744,-1.723739,-1.599543,-1.529047,-1.932024,1.310579,-1.253374,-0.668795,-0.167431,-1.637704,-0.876003,-1.347237,-2.202545,-2.686714,-1.812331,-1.610001,5.653096,-0.980045,4.914237,3.796166,2.373354,-1.542389,1.93598,5.900594,3.835217,-0.705392,-2.038358,-0.869873,-1.074918,0.541753,-0.248483,0.991133,0.570535,-1.554081,-0.855228,-1.291985,-1.670889,-1.596241,-1.190133,-0.984858,-1.111874,-1.768764,-1.521652,-1.78984
mvh,-3.833938,-1.519686,0.083475,-0.776124,-1.571802,-3.103441,-1.925556,-0.184084,-1.355466,1.510601,2.096802,1.579829,-0.224972,0.474922,2.184226,1.225601,-0.583685,-0.21425,0.176047,1.57088,-1.184476,0.024088,-0.532224,-1.732783,0.210426,0.338963,-1.798523,-2.823053,-1.535492,-3.009454,-1.516587,-1.213137,-1.151514,-2.660271,0.023342,-1.406151,0.132772,-1.827977,-1.305821,-2.376594,-1.930402,1.578737,-1.358358,2.113958,2.117156,1.122826,-1.051811,-6.691766,0.020445,0.117883,-1.705708,1.060358,-1.145379,-2.553265,-3.998494,-1.18948,-2.224938,-2.540206,-2.411296,-1.65809,-3.416779,-2.713544,-1.815362,-1.985194,-1.808231,-2.415626,-1.475796,-1.169128,-2.760435,-1.313826,-4.221119,-1.795622,-1.780011,-1.977599,-1.94744,-2.025418,-3.235435,-1.84575,-1.813299,-0.765567,-2.263179,-0.998453,-2.622318,-1.207147,-1.412253,-0.89435,0.648169,-1.343532,-1.043346,-1.279564,-2.796445,-0.158919,-0.712479,-1.868861,-1.220913,-0.355077,-1.874801,-1.647585,-1.574722,-1.917319,1.096561,-1.229451,-0.735838,-0.247327,-1.655676,-1.001862,-1.508469,-2.378261,-2.66527,-1.94626,-1.670267,5.443866,-1.358278,5.365095,4.504655,2.477747,-1.359176,1.979905,5.603216,3.799959,-0.651724,-2.179461,-1.005889,-1.168775,0.789143,-0.354415,1.009679,0.335521,-1.729592,-0.927189,-1.246916,-1.695972,-1.626836,-1.144156,-1.046702,-1.234762,-1.789337,-1.488031,-1.830974
otn,-3.773662,-1.795934,0.200679,-0.781739,-1.846232,-3.091357,-2.05902,0.065929,-1.440715,1.309562,0.380191,2.289913,-0.167286,0.789828,1.791909,1.235675,-1.190352,-0.376068,0.198051,1.75175,-1.220571,-0.071654,-0.449821,-1.634863,0.627023,0.765516,-1.759878,-2.847901,-1.498575,-2.770263,-1.426801,-1.034384,-1.057321,-2.620037,0.210769,-1.310823,0.037226,-1.825405,-1.243321,-1.981213,-1.914646,1.615445,-1.246463,2.021757,2.839487,1.409237,-0.982787,-6.364895,0.031126,0.044963,-2.01707,0.154437,-1.755562,-2.490594,-3.91816,-1.165467,-2.206909,-2.532248,-2.393466,-1.60694,-3.456414,-2.698983,-1.993392,-2.014317,-1.864113,-2.408653,-1.500743,-1.201438,-2.633699,-1.337915,-4.205397,-1.739645,-1.715367,-1.878027,-1.949503,-2.001593,-3.216117,-1.807693,-1.739402,-0.723356,-2.253363,-0.818132,-2.492401,-1.202346,-1.563789,-0.984072,0.831574,-1.365632,-1.049648,-1.252352,-2.759798,-0.148155,-0.717047,-1.534358,-1.084401,-0.285169,-2.135214,-1.529579,-1.571728,-1.772181,0.655106,-1.400269,-1.08495,-0.789344,-1.690393,-1.268317,-1.376489,-2.297755,-2.731569,-1.848973,-1.582395,5.079152,-1.182284,6.74846,4.638859,2.110189,-1.376712,2.188923,6.370105,4.277721,-0.674954,-2.118976,-0.936614,-1.115627,1.158387,-0.150259,1.05946,0.463313,-1.590166,-0.915214,-1.095233,-1.65967,-1.653896,-0.737545,-0.92997,-1.316578,-1.760447,-1.122921,-1.897924
ele,-3.703671,-1.534993,0.075124,-0.692852,-1.581872,-3.005999,-1.81415,0.082371,-1.384334,1.253691,0.187308,1.276161,0.248587,0.496344,2.005871,1.708774,-0.671196,-0.197154,0.389245,1.390045,-0.691941,-0.087779,-0.298642,-1.725586,0.261775,0.657681,-1.721464,-2.793079,-1.379595,-2.993762,-1.357089,-1.053731,-1.150496,-2.56734,0.561849,-1.241142,0.139067,-1.814247,-1.243429,-1.817903,-1.896279,1.833393,-1.308054,1.691183,1.959158,1.418149,-0.845357,-6.784594,0.115495,0.210163,-1.773226,1.118116,-1.317041,-2.506889,-3.86608,-1.063103,-2.146955,-2.471186,-2.396381,-1.605154,-3.391154,-2.624174,-1.8403,-1.94358,-1.72849,-2.376979,-1.441298,-1.136401,-2.655529,-1.195634,-4.136625,-1.694339,-1.728702,-1.868835,-1.939275,-1.958738,-3.160847,-1.732694,-1.723596,-0.491605,-2.264304,-0.79271,-2.579687,-1.176646,-1.360237,-0.781319,0.833744,-1.254712,-1.051982,-1.234594,-2.728832,-0.121227,-0.702793,-1.554107,-1.138851,-0.232408,-1.768244,-1.533564,-1.570476,-1.880199,1.081889,-1.074714,-0.769462,-0.234422,-1.604306,-0.866905,-1.202377,-2.290195,-2.667117,-1.771329,-1.600258,5.337246,-1.244053,6.129799,4.574078,2.847252,-1.313645,2.49228,6.370455,4.208842,-0.606273,-2.143602,-0.977394,-1.105897,0.94003,-0.208211,1.127136,0.347537,-1.728021,-0.854235,-1.264449,-1.696596,-1.584697,-1.162655,-1.043567,-1.191454,-1.746757,-1.579565,-1.811898
ome,-3.811138,-1.574477,0.045121,-0.740846,-1.994687,-3.075055,-1.869128,0.115808,-1.499719,1.073915,1.472204,1.415881,-0.133966,0.583531,1.652523,1.473827,-1.025022,-0.30622,0.218875,1.385141,-0.833614,-0.123243,-0.651632,-1.684501,0.486913,0.597697,-1.759372,-2.831056,-1.480916,-2.994909,-1.487557,-1.091124,-1.070487,-2.6442,0.316208,-1.202272,0.048363,-1.809065,-1.190441,-2.110483,-1.876486,1.708135,-1.344713,2.231542,2.781542,1.126239,-0.96578,-7.085312,0.221866,0.026762,-1.842944,-3.733165,-1.423578,-2.517349,-3.93219,-1.098149,-2.199102,-2.502607,-2.368981,-1.646456,-3.418674,-2.703741,-1.869701,-1.96284,-1.749254,-2.406727,-1.476945,-1.187753,-2.733312,-1.299731,-4.233647,-1.765887,-1.7722,-1.907751,-1.9445,-2.007838,-3.200001,-1.800736,-1.731639,-0.626997,-2.265831,-0.849246,-2.639409,-1.305341,-1.399957,-0.875566,0.69494,-1.348033,-1.137071,-1.237452,-2.667869,-0.15379,-0.675851,-1.514021,-1.146292,-0.345773,-1.859164,-1.504769,-1.574062,-1.885765,0.988431,-0.940617,-0.359175,-0.12935,-1.66469,-0.777202,-1.235361,-1.977732,-2.646794,-1.882184,-1.580321,5.60241,-1.335358,5.748672,3.910756,2.573864,-1.378808,1.993032,6.360004,3.978885,-0.6536,-2.093893,-0.939228,-0.972279,0.964848,-0.316713,1.05162,0.378326,-1.628806,-0.881428,-1.196211,-1.69365,-1.524832,-1.058427,-1.207748,-1.183176,-1.765179,-1.61584,-1.840598
omf,-3.75201,-1.435054,0.163669,-0.814409,-1.365217,-3.027046,-1.877282,-0.097957,-1.448261,1.499118,-0.948069,1.551588,-0.003441,0.468528,1.656329,1.494376,-0.341066,-0.038814,0.303461,1.490531,-1.100939,-0.01964,-0.790065,-1.475286,1.121955,0.680628,-1.741174,-2.774496,-1.496238,-2.954805,-1.369651,-1.125968,-1.196829,-2.47253,0.051145,-1.437002,0.182434,-1.918891,-1.18912,-2.352021,-1.935434,1.616467,-1.314939,2.044439,2.950662,0.483405,-0.948846,-6.553681,0.613335,0.782952,-1.661721,1.371023,-1.270118,-2.490132,-3.778101,-1.167438,-2.181972,-2.467472,-2.400878,-1.604687,-3.375264,-2.667382,-1.859947,-1.933569,-1.751492,-2.387858,-1.462564,-1.14961,-2.685198,-1.2585,-4.176053,-1.772913,-1.752755,-1.892608,-1.941973,-2.007452,-3.186506,-1.809474,-1.686087,-0.704456,-2.183486,-0.789723,-2.562635,-1.546613,-1.40049,-0.873998,0.667545,-1.26056,-0.976958,-1.250553,-2.778254,-0.092466,-0.656245,-1.533048,-0.995112,-0.149066,-1.929196,-1.594864,-1.19762,-1.648983,1.191323,-0.833602,-0.867329,-0.102985,-1.581474,-1.098017,-0.953291,-2.227252,-2.739291,-1.868037,-1.723468,5.904418,-1.23381,4.860874,5.562854,2.488033,-3.058372,1.973596,5.993524,3.88467,-0.718695,-2.146306,-0.853382,-1.013167,0.567024,-0.017859,0.843372,0.631649,-1.559201,-0.657824,-0.361343,-1.627324,-1.709537,-1.117037,-1.064936,-1.095016,-1.792575,-1.444201,-1.730354
ely,-3.828554,-1.513023,0.141974,-0.767546,-1.503663,-3.088491,-1.892944,-0.428412,-1.470121,1.490241,1.056635,1.211181,-0.281196,0.573858,1.726143,1.350441,-0.368429,-0.108107,0.209807,1.413732,-1.369446,-0.047431,-0.740946,-1.738237,0.024541,0.350368,-1.822082,-2.835389,-1.537918,-3.030336,-1.385638,-1.275935,-1.172213,-2.679561,-0.001767,-1.37881,-0.043153,-1.879318,-1.201758,-2.30242,-1.939452,1.560759,-1.3824,1.900329,1.812395,1.083253,-1.06697,-6.400344,0.110819,0.130745,-1.641647,1.288278,-1.235188,-2.56027,-4.003711,-1.215704,-2.247964,-2.561616,-2.493477,-1.649091,-3.416366,-2.715044,-1.846193,-1.981143,-1.783505,-2.407517,-1.529604,-1.193913,-2.849797,-1.265448,-4.123354,-1.800011,-1.783583,-1.945886,-2.006383,-2.066611,-3.255617,-1.874611,-1.844943,-0.794056,-2.385918,-1.101835,-2.53408,-1.21436,-1.337125,-0.892747,0.607787,-1.340212,-1.071034,-1.280289,-2.803499,-0.350655,-0.706613,-1.22846,-1.347948,-0.317027,-1.616613,-1.599129,-1.511957,-1.902417,1.374527,-1.145952,-0.646085,0.033829,-1.610556,-0.927112,-1.439525,-2.338402,-2.726255,-1.946968,-1.746166,5.652856,-1.209023,4.984288,3.87517,2.122801,-0.800049,1.809143,5.857341,3.545152,-0.649664,-2.223992,-1.201406,-1.30839,0.428789,-0.34201,1.140295,0.204129,-1.800471,-1.002298,-1.387914,-1.749313,-1.577001,-1.265818,-1.120518,-1.241557,-1.718204,-1.566876,-1.808818
gdt,-3.84232,-1.522919,0.047218,-0.661412,-1.816248,-3.091726,-1.842947,-0.408555,-1.314145,0.532158,-0.048231,2.235405,-0.300937,0.383051,1.732429,1.376027,-0.382137,-0.273867,0.235534,1.535415,-1.143154,-0.160539,-0.709793,-1.726784,0.032793,0.838904,-1.834316,-2.844775,-1.516424,-3.065326,-1.44922,-1.251862,-1.162873,-2.694878,0.419062,-1.277371,0.096672,-1.873641,-1.276451,-2.157192,-1.982042,1.560843,-1.451158,1.869897,1.892381,0.931163,-0.972393,-6.896764,0.170227,0.292519,-1.668387,1.092604,-1.276806,-2.536621,-3.947205,-1.199455,-2.194301,-2.551416,-2.504433,-1.631115,-3.42009,-2.735639,-1.799947,-1.961452,-1.820852,-2.401269,-1.517204,-1.145229,-2.811962,-1.256016,-4.185801,-1.839897,-1.729852,-1.907659,-1.93222,-1.912998,-3.189774,-1.878939,-1.816505,-0.763253,-2.357904,-1.099707,-2.513279,-1.15777,-1.422148,-0.884523,0.617351,-1.2797,-1.263824,-1.283151,-2.809616,-0.182682,-0.788533,-1.158999,-1.077359,-0.099996,-1.681132,-1.557536,-1.506265,-1.921025,1.762215,-0.873099,-0.561257,0.628733,-1.667938,-0.979707,-1.385723,-2.205023,-2.727172,-1.969421,-1.724595,5.396203,-1.187026,5.006736,3.836573,2.686517,-1.068733,1.887758,5.99413,4.493873,-0.631478,-2.157815,-1.094805,-1.338598,0.628647,-0.224537,1.117579,0.424057,-1.490078,-0.988575,-1.000832,-1.542956,-1.431149,-1.145713,-1.113278,-1.196994,-1.433173,-1.622403,-1.826643
wtr,-3.82872,-1.407196,0.046666,-0.764801,-1.413266,-3.100865,-1.892343,-0.441701,-1.356022,1.529275,1.266682,1.232541,-0.163936,0.605067,1.765388,1.467264,-0.119818,-0.163342,0.253808,1.916472,-1.339474,-0.054985,-0.656439,-1.81577,0.038733,0.219075,-1.803256,-2.812975,-1.517147,-3.029657,-1.392817,-1.34008,-1.193553,-2.633478,-0.05246,-1.441254,0.199145,-1.892833,-1.207253,-2.404168,-1.926308,1.586431,-1.333742,1.855719,1.842425,1.014137,-1.099371,-5.545941,0.238777,0.283398,-1.57577,1.938385,-1.121058,-2.537928,-3.997221,-1.228208,-2.207534,-2.558062,-2.541178,-1.664758,-3.37345,-2.7141,-1.827314,-1.929749,-1.762063,-2.384125,-1.491137,-1.172609,-2.775454,-1.335108,-4.135542,-1.783178,-1.773053,-1.899759,-1.979804,-2.020182,-3.247256,-1.875859,-1.848708,-0.834283,-2.282338,-1.090962,-2.398398,-1.200705,-1.404941,-0.863998,0.54446,-1.291053,-0.969848,-1.242175,-2.82766,-0.384147,-0.764837,-1.333484,-1.308331,-0.362588,-1.710869,-1.567082,-1.441366,-1.968119,1.318983,-1.145721,-0.672456,-0.021982,-1.5898,-0.967519,-1.460739,-2.336248,-2.800104,-1.963575,-1.781008,5.837106,-1.278032,5.009623,3.693356,2.012554,-0.307633,1.90088,5.837635,3.507131,-0.633617,-2.194334,-1.20495,-1.356955,0.425397,-0.325185,1.187551,0.237353,-1.800134,-0.962475,-1.419018,-1.70571,-1.706013,-1.256548,-1.000088,-1.160016,-1.804477,-1.572382,-1.793712
cns,-3.971104,-1.436543,0.14515,-0.747579,-1.297516,-3.158462,-1.927156,-0.473218,-1.233523,1.91549,1.843274,1.634528,-0.078069,0.550221,2.822857,1.557243,0.613013,-0.004408,0.441644,1.981351,-1.633508,0.244316,-0.553754,-1.6297,0.432784,0.266514,-1.828659,-2.897355,-1.581138,-3.098742,-1.44095,-1.352476,-1.223537,-2.673081,-0.103061,-1.510207,0.268297,-1.952705,-1.231982,-2.488943,-1.992068,1.694564,-1.348448,1.902358,1.964311,1.154856,-1.014228,-6.206943,0.196999,0.335175,-1.609756,2.260721,-1.052018,-2.618741,-4.153844,-1.244687,-2.277481,-2.625932,-2.600478,-1.646784,-3.48942,-2.798151,-1.893127,-2.013539,-1.865293,-2.47259,-1.485781,-1.164817,-2.863239,-1.341913,-4.316327,-1.862971,-1.794919,-1.975217,-2.02784,-2.081192,-3.319232,-1.934326,-1.892018,-0.849694,-2.304145,-1.134119,-2.477038,-1.243119,-1.44381,-0.883101,0.601202,-1.308884,-0.959135,-1.27647,-2.94068,-0.408602,-0.795024,-1.47235,-1.376715,-0.395807,-1.528046,-1.700584,-1.588313,-2.035657,1.658718,-0.91479,-0.465253,0.24903,-1.537341,-0.784859,-1.477431,-2.31543,-2.663904,-1.892241,-1.773551,5.891191,-1.258341,4.943941,3.936576,2.113403,-0.46948,2.068472,5.626498,3.376017,-0.626786,-2.236513,-1.118784,-1.444317,0.553802,-0.295124,1.237548,0.401732,-1.784804,-0.936929,-1.543105,-1.74107,-1.798837,-1.319007,-0.98559,-1.168956,-1.830684,-1.536859,-1.813202
trd,-4.275304,-1.59483,-0.084593,-0.841151,-1.663626,-3.460673,-2.150959,-0.468145,-1.728539,1.469591,0.391367,1.445898,-0.747724,0.499943,1.704758,1.256427,-0.434534,-0.310542,0.06067,1.909011,-1.559362,-0.224978,-0.508585,-1.950905,0.101195,0.056161,-2.013307,-3.146999,-1.751083,-3.391905,-1.601592,-1.428634,-1.330969,-2.890193,-0.057358,-1.497737,0.046337,-2.117441,-1.341026,-2.670752,-2.180602,1.790492,-1.452773,1.884026,1.950457,0.740218,-1.058728,-7.499052,0.015068,-0.159701,-2.137469,1.228943,-1.675763,-2.886024,-4.512943,-1.430618,-2.527939,-2.893329,-2.835017,-1.86343,-3.813858,-3.047485,-2.142161,-2.209107,-2.046801,-2.676758,-1.683646,-1.379857,-3.141896,-1.511176,-4.717592,-2.020071,-2.025776,-2.149418,-2.208587,-2.309287,-3.642168,-2.105427,-2.067364,-0.912132,-2.552783,-1.244753,-2.850452,-1.386436,-1.618543,-1.00982,0.613261,-1.532808,-1.256621,-1.447901,-3.225462,-0.392469,-0.894578,-1.503703,-1.523358,-0.283334,-1.880596,-1.86513,-1.706078,-2.174753,1.501991,-1.349146,-0.652864,-0.017312,-1.751072,-0.988036,-1.600597,-2.6399,-3.020663,-2.175698,-1.926769,5.651192,-1.368343,5.263685,4.421649,2.472306,-0.436451,2.258553,6.594813,3.599664,-0.617756,-2.417996,-1.165163,-1.20008,0.898159,-0.25699,1.488925,0.269928,-1.758275,-0.980658,-1.680151,-1.830691,-1.922491,-1.584005,-1.105185,-1.282785,-1.957951,-1.671222,-1.964264
otp,-4.274756,-1.640271,-0.027977,-0.82072,-1.676687,-3.460492,-2.166716,-0.418981,-1.690436,1.598296,0.471644,1.587632,-0.592408,0.659682,1.866968,1.541995,-0.246197,-0.117943,0.279003,1.944803,-1.727659,-0.006563,-0.715811,-1.862147,0.302554,0.392593,-2.025301,-3.149179,-1.752219,-3.384343,-1.59911,-1.46492,-1.308554,-2.928244,0.04334,-1.562325,0.041872,-2.130294,-1.39151,-2.627159,-2.217742,1.76284,-1.474229,1.912879,1.938647,0.864521,-1.103752,-7.219498,0.118296,-0.000755,-2.040339,1.39959,-1.469783,-2.924745,-4.53107,-1.336651,-2.550966,-2.924323,-2.852436,-1.854705,-3.822081,-3.059552,-1.906507,-2.228215,-2.044979,-2.749087,-1.773475,-1.441713,-3.167117,-1.492101,-4.729046,-2.06826,-1.998114,-2.228987,-2.279609,-2.320445,-3.645467,-2.101066,-2.084254,-0.933928,-2.566351,-1.174071,-2.88635,-1.436593,-1.61192,-1.036041,0.631036,-1.582656,-1.372667,-1.459554,-3.170025,-0.230457,-0.860875,-1.423528,-1.467807,-0.329718,-1.766515,-1.813826,-1.690753,-2.184019,1.56048,-1.252135,-0.644042,0.138381,-1.840355,-0.937429,-1.547647,-2.476731,-3.033064,-2.153959,-1.925072,6.608065,-1.207843,5.1924,4.416768,2.447645,-0.833458,2.574274,6.020616,3.896721,-0.61019,-2.353217,-1.128248,-1.368659,0.584519,-0.271937,1.457659,0.223683,-1.836355,-0.885247,-1.485967,-1.872086,-1.817964,-1.515977,-1.083002,-1.261454,-1.962786,-1.683589,-1.939035
wtp,-4.312071,-1.791182,-0.029291,-0.832248,-1.679074,-3.577517,-2.26593,-0.438155,-1.550604,1.670232,0.574569,1.536552,-0.523065,0.60034,2.163597,1.732834,-0.200227,-0.071438,0.312136,2.108065,-1.717951,0.213405,-0.694619,-1.815334,0.742733,0.670394,-2.116091,-3.178587,-1.758003,-3.477565,-1.75842,-1.46225,-1.326502,-3.047884,0.087757,-1.583905,0.077752,-2.175109,-1.359585,-2.532542,-2.286574,1.781779,-1.40025,2.092102,2.050193,1.259576,-1.090125,-7.140794,0.142923,0.035042,-2.19351,1.382536,-1.476296,-3.009442,-4.618252,-1.382292,-2.596319,-2.984915,-2.889592,-1.964493,-3.88823,-3.220022,-1.966259,-2.269208,-2.120116,-2.806872,-1.838799,-1.471116,-3.27655,-1.694531,-4.830807,-2.19575,-2.108339,-2.211814,-2.368695,-2.436163,-3.761032,-2.231848,-2.125008,-1.013199,-2.690474,-1.241607,-2.98201,-1.473439,-1.610828,-1.164233,0.605222,-1.68003,-1.338247,-1.418681,-3.167908,-0.300524,-0.934824,-1.429421,-1.455002,-0.271086,-1.815191,-1.7279,-1.738025,-2.220386,1.610712,-1.267718,-0.537938,0.154572,-1.858971,-0.819635,-1.552343,-2.558237,-3.047305,-2.166224,-1.868684,6.778416,-1.132176,6.029615,4.876434,2.498338,-0.425462,2.566292,7.076026,4.07739,-0.595372,-2.337745,-1.113163,-1.271571,0.642389,-0.210206,1.463623,0.384324,-1.833746,-0.885522,-1.304994,-1.875576,-1.785505,-1.575256,-1.102787,-1.297313,-1.996748,-1.683066,-2.045796
atp,-4.275251,-1.593027,-0.023476,-0.836678,-1.678522,-3.526656,-2.217009,-0.430985,-1.559329,1.667067,0.46707,1.691945,-0.331654,0.627875,2.219845,1.847622,-0.188531,-0.049245,0.330781,1.946027,-1.604836,-0.045647,-0.751205,-1.785637,0.313639,0.607114,-2.005114,-3.168595,-1.737054,-3.415257,-1.65274,-1.431954,-1.307218,-3.007174,0.070718,-1.535646,0.036386,-2.14753,-1.319323,-2.598986,-2.279211,1.86294,-1.432919,1.974549,2.081337,1.299246,-1.058816,-7.235031,0.10879,0.101694,-2.112396,1.517603,-1.512512,-2.907408,-4.53913,-1.417607,-2.570831,-2.890792,-2.836411,-1.889064,-3.841725,-3.091079,-1.913838,-2.263468,-2.069582,-2.702057,-1.735868,-1.414567,-3.174436,-1.464475,-4.741176,-2.078124,-1.996803,-2.225541,-2.299491,-2.336083,-3.657631,-2.114694,-2.109956,-0.901419,-2.62366,-1.208815,-3.015416,-1.419226,-1.599843,-1.080066,0.622741,-1.624384,-1.459606,-1.449248,-3.185963,-0.25479,-0.926124,-1.267501,-1.445453,-0.244008,-1.766682,-1.714161,-1.677456,-2.17213,1.555198,-1.196362,-0.652204,0.145408,-1.915608,-0.904547,-1.522153,-2.575152,-3.054431,-2.107865,-1.841885,6.684323,-1.178425,5.646453,4.502535,2.416189,-0.715142,2.867077,6.677482,4.066466,-0.636934,-2.404733,-1.110674,-1.190985,0.639099,-0.127612,1.423928,0.261429,-1.86252,-0.86314,-1.49113,-1.876896,-1.75365,-1.316273,-1.124205,-1.30577,-1.967516,-1.713642,-1.870431
cmn,-3.844923,-1.459126,-0.048699,-0.790988,-1.54612,-3.103028,-1.919419,-0.459976,-1.574137,1.270478,0.294848,1.267139,-0.439972,0.52652,1.696276,1.184176,-0.407335,-0.360519,0.03524,1.435315,-1.409789,-0.231428,-0.61011,-1.78368,0.082082,0.062389,-1.814835,-2.836944,-1.573206,-3.088912,-1.433247,-1.305639,-1.195711,-2.635712,-0.037469,-1.43059,0.007172,-1.919178,-1.226838,-2.356017,-1.966961,1.552941,-1.370242,2.260238,1.640736,1.070497,-1.036439,-6.370883,0.015249,0.034352,-1.935001,1.108208,-1.355012,-2.570561,-4.019229,-1.241434,-2.240438,-2.582763,-2.5253,-1.667651,-3.404205,-2.731584,-1.886144,-1.988029,-1.827841,-2.40948,-1.532758,-1.215977,-2.838412,-1.387091,-4.211522,-1.803682,-1.804653,-1.94467,-2.006044,-2.067769,-3.245605,-1.882466,-1.85045,-0.825936,-2.304256,-1.088803,-2.516068,-1.239112,-1.460684,-0.912434,0.555168,-1.3798,-1.196502,-1.306038,-2.847027,-0.328502,-0.780436,-1.221489,-1.396199,-0.332006,-1.761759,-1.638406,-1.566561,-1.975626,1.196354,-1.272769,-0.71555,-0.141924,-1.641819,-0.994916,-1.475203,-2.355264,-2.724278,-1.960471,-1.706182,5.356313,-1.2725,4.700355,3.396358,2.057155,-1.190072,1.931704,5.453664,3.149585,-0.650243,-2.225269,-1.234155,-1.233278,0.378149,-0.394129,1.042732,0.113192,-1.804815,-0.95803,-1.459227,-1.761471,-1.70757,-1.488657,-1.01498,-1.176627,-1.827685,-1.573355,-1.817118
ofi,-3.829079,-1.439689,-0.057839,-0.799535,-1.523382,-3.100779,-1.905185,-0.440699,-1.616877,1.178951,0.315193,0.860432,-0.708535,0.374714,1.541048,0.948419,-0.378057,-0.398611,0.033303,1.458241,-1.777311,-0.396155,-0.749485,-1.797614,-0.441678,0.035017,-1.804562,-2.81522,-1.574138,-3.080857,-1.409016,-1.381545,-1.201616,-2.622255,-0.072858,-1.488885,-0.012064,-1.917811,-1.194888,-2.35082,-1.964164,1.578765,-1.362082,1.347762,1.497774,0.724237,-1.094387,-6.182061,-0.082214,-0.134661,-1.915914,1.083533,-1.385427,-2.558992,-4.012155,-1.239922,-2.223973,-2.56405,-2.52081,-1.652216,-3.392664,-2.718048,-1.864576,-1.968687,-1.865729,-2.413401,-1.519483,-1.196359,-2.837579,-1.378307,-4.183156,-1.801907,-1.785041,-1.93585,-1.994895,-2.059489,-3.243935,-1.891748,-1.856523,-0.819197,-2.300986,-1.090611,-2.46253,-1.240752,-1.490079,-0.87803,0.577535,-1.374088,-1.111931,-1.290753,-2.836864,-0.318759,-0.784908,-1.421306,-1.305513,-0.336351,-1.821526,-1.614311,-1.555832,-1.973754,1.135322,-1.348841,-0.672271,-0.205029,-1.599997,-0.997942,-1.494159,-2.425589,-2.717401,-2.040934,-1.840851,5.228772,-1.307425,4.291191,3.137626,1.742626,-2.139252,1.677493,5.07159,3.084671,-0.633243,-2.114543,-1.144572,-1.542909,0.375531,-0.360328,1.04803,-0.017598,-1.759581,-0.94945,-1.38382,-1.756153,-1.684989,-1.424254,-1.03781,-1.188105,-1.820734,-1.583352,-1.805764
isr,-3.832359,-1.457634,-0.048947,-0.760934,-1.554307,-3.090164,-1.908196,-0.425737,-1.555336,1.318709,0.313575,0.958118,-0.794515,0.915477,1.7228,1.202797,-0.342049,-0.37251,0.195688,1.487801,-1.488337,-0.335021,-0.629079,-1.784276,0.148016,-0.030149,-1.825174,-2.82138,-1.594283,-3.103826,-1.353126,-1.291141,-1.206018,-2.599122,-0.043311,-1.452944,0.094991,-1.901434,-1.198752,-2.38809,-1.967321,1.554829,-1.364435,1.502727,1.611242,0.722771,-1.04498,-6.123106,-0.020643,-0.08572,-2.048164,1.223966,-1.30864,-2.568046,-4.017912,-1.227909,-2.211082,-2.610996,-2.523449,-1.671321,-3.394546,-2.709236,-1.880365,-1.967212,-1.892125,-2.4158,-1.506478,-1.189531,-2.85216,-1.398819,-4.192128,-1.810851,-1.769142,-1.930589,-1.992424,-2.048882,-3.265597,-1.873116,-1.849966,-0.821167,-2.314335,-1.077012,-2.521867,-1.245105,-1.501153,-0.889869,0.551131,-1.383994,-1.14462,-1.307324,-2.859049,-0.23339,-0.769765,-1.264981,-1.30031,-0.249493,-1.622308,-1.568397,-1.561705,-1.958954,1.207457,-1.292645,-0.587391,-0.026957,-1.703316,-0.815549,-1.339669,-2.397196,-2.717295,-1.949178,-1.64013,5.387196,-1.084561,4.773991,3.66015,1.919121,-1.847375,1.825238,5.485579,3.622964,-0.607204,-2.155389,-1.130104,-1.497512,0.491617,-0.3638,1.070659,0.05977,-1.76091,-0.789594,-1.279698,-1.73779,-1.672473,-1.420953,-1.027746,-1.184413,-1.813245,-1.567518,-1.81967
obs,-3.827378,-1.4436,-0.068956,-0.775061,-1.538053,-3.091145,-1.907509,-0.473463,-1.581177,1.092259,0.270583,0.784845,-0.795916,0.407914,1.627096,1.254078,-0.469424,-0.292233,0.046586,1.404543,-1.723482,-0.076972,-0.783504,-1.719025,-0.207308,0.137086,-1.813927,-2.814166,-1.564072,-3.099413,-1.441394,-1.305309,-1.203448,-2.623682,-0.047336,-1.420938,-0.02446,-1.905775,-1.256453,-2.36275,-1.973008,1.555483,-1.37049,1.440667,1.379446,0.757448,-1.015502,-6.44687,0.011302,-0.090217,-1.882237,1.096185,-1.276132,-2.568448,-4.02246,-1.269704,-2.234384,-2.574118,-2.522574,-1.653028,-3.396287,-2.73206,-1.911014,-1.989591,-1.884847,-2.422977,-1.526332,-1.185709,-2.832772,-1.438132,-4.202104,-1.808078,-1.790658,-1.932987,-1.992852,-2.065089,-3.236119,-1.880702,-1.838818,-0.813322,-2.293839,-1.185956,-2.212832,-1.274998,-1.461003,-0.906956,0.560913,-1.383073,-1.149101,-1.300579,-2.836278,-0.304309,-0.790913,-1.300687,-1.332504,-0.277392,-1.786039,-1.619413,-1.563709,-2.009618,1.208882,-1.268109,-0.706339,-0.158913,-1.616386,-0.930574,-1.351853,-2.302709,-2.760872,-2.038164,-1.745466,5.387907,-1.402715,4.292807,4.642286,2.045564,-1.378812,1.686112,6.612921,3.235458,-0.646932,-2.154303,-1.226702,-1.355903,0.363475,-0.444634,1.125234,0.107653,-1.871208,-0.947112,-1.475283,-1.773953,-1.652594,-1.712472,-1.030669,-1.194451,-1.825834,-1.555277,-1.799381
ros,-3.845652,-1.46825,-0.080239,-0.776806,-1.536875,-3.095079,-1.906797,-0.492278,-1.587218,1.327337,0.366802,0.830116,-1.101634,-0.069788,1.911847,0.96983,-0.498856,-0.356032,-0.081131,0.968439,-2.022936,-0.28106,-0.520849,-1.983409,-0.481503,-0.270356,-1.81571,-2.821128,-1.581235,-3.03932,-1.401493,-1.358195,-1.210575,-2.606995,-0.084744,-1.413087,-0.130658,-1.924004,-1.206865,-2.429387,-1.962348,1.550726,-1.385842,1.374359,1.414054,0.684595,-1.112507,-6.68744,-0.030541,-0.126923,-1.932855,1.092485,-1.450847,-2.553014,-4.011132,-1.237695,-2.236433,-2.585514,-2.522607,-1.636838,-3.397834,-2.726437,-1.887579,-2.000256,-1.83207,-2.408513,-1.47807,-1.194935,-2.831505,-1.387264,-4.188521,-1.812874,-1.782233,-1.948719,-1.975043,-2.067937,-3.242537,-1.879865,-1.838929,-0.822085,-2.274738,-1.065786,-2.521011,-1.227785,-1.479095,-0.946427,0.539542,-1.369813,-1.083619,-1.298397,-2.906482,-0.275859,-0.79167,-1.175987,-1.365523,-0.347367,-1.687457,-1.690994,-1.584271,-1.980351,1.280639,-1.236912,-0.677576,-0.116767,-1.615438,-0.953647,-1.458307,-2.593993,-2.712283,-2.034672,-1.98282,5.106906,-1.549982,3.914549,3.000171,1.6091,-0.734923,1.583033,4.656796,2.906856,-0.668906,-2.24851,-1.367949,-1.319167,0.170991,-0.247151,1.165247,-0.066,-1.987641,-0.988883,-1.459002,-1.856572,-1.780384,-1.557219,-1.012858,-1.096132,-1.792624,-1.579804,-1.802422
osg,-3.832126,-1.410175,-0.103203,-0.772906,-1.555902,-3.089377,-1.885566,-0.5609,-1.589832,1.18631,0.269747,0.996032,-0.964612,0.154561,1.370554,0.728069,-0.668887,-0.352232,-0.075196,1.304614,-1.549761,-0.379039,-0.515683,-1.677909,-0.455598,-0.230936,-1.803662,-2.817419,-1.556885,-3.029199,-1.365571,-1.365244,-1.213427,-2.598658,-0.104565,-1.459615,-0.024116,-1.915736,-1.189677,-2.428625,-1.949459,1.499327,-1.367414,1.381955,1.479215,0.570194,-1.117957,-6.266895,-0.12519,-0.237862,-2.0088,1.035955,-1.634567,-2.540358,-4.010349,-1.238952,-2.207308,-2.563509,-2.534589,-1.631575,-3.391687,-2.716404,-1.857186,-1.956134,-1.803166,-2.402375,-1.499606,-1.164982,-2.804809,-1.324957,-4.170727,-1.794471,-1.776233,-1.911529,-1.971333,-2.038056,-3.224293,-1.875657,-1.845741,-0.835254,-2.259442,-1.110266,-2.410979,-1.209614,-1.444395,-0.872478,0.517324,-1.334183,-1.029849,-1.274111,-2.915061,-0.470149,-0.800303,-1.431493,-1.39803,-0.380777,-1.778424,-1.727921,-1.570455,-2.000212,1.166101,-1.297242,-0.687493,-0.160827,-1.545234,-0.992095,-1.521307,-2.474511,-2.767428,-2.028368,-1.82961,5.560741,-1.371267,4.636613,3.496525,2.042126,-0.787418,1.829451,5.396932,2.928308,-0.681155,-2.267468,-1.068593,-1.566584,0.529802,-0.384113,0.967499,0.085882,-1.81526,-0.896988,-1.493782,-1.710477,-1.735893,-1.435185,-1.011113,-1.128366,-1.807185,-1.552341,-1.78385
dwe,-3.851279,-1.459953,-0.110101,-0.838907,-1.589488,-3.108058,-1.91929,-0.662155,-1.584273,1.157721,0.26733,0.68446,-0.60325,-0.112622,1.496943,0.966913,-0.476439,-0.485543,-0.171582,0.928145,-1.857818,-0.476004,-0.633887,-1.821381,-0.764561,-0.284484,-1.826376,-2.841058,-1.602402,-3.065978,-1.369184,-1.389386,-1.22339,-2.645598,-0.076979,-1.486097,-0.012539,-1.964025,-1.23809,-2.404225,-1.974233,1.487396,-1.430123,1.401092,1.362098,0.768749,-1.150494,-6.263384,-0.083404,-0.182427,-1.848014,1.087963,-1.426537,-2.568494,-4.031018,-1.264292,-2.244566,-2.581299,-2.556022,-1.671103,-3.415517,-2.740197,-1.891623,-1.984459,-1.831591,-2.428616,-1.526183,-1.205945,-2.821077,-1.357351,-4.195198,-1.828338,-1.80824,-1.950357,-2.000088,-2.071449,-3.251263,-1.901692,-1.857224,-0.851104,-2.293352,-1.173224,-2.47335,-1.251748,-1.476399,-0.918703,0.498595,-1.383519,-1.10469,-1.316418,-2.956783,-0.460177,-0.860477,-1.322454,-1.475839,-0.419962,-1.854709,-1.764902,-1.59813,-2.070997,1.131757,-1.357458,-0.706249,-0.22595,-1.596103,-1.030857,-1.618144,-2.482301,-2.856431,-2.122997,-1.898687,4.626449,-1.60108,3.754963,2.926322,1.423769,-1.835035,1.203037,4.496193,2.449864,-0.822826,-2.455266,-1.490796,-1.705722,0.098398,-0.873174,0.929233,-0.282561,-2.277745,-1.281971,-1.629244,-1.950389,-1.848346,-1.650717,-1.055862,-1.224704,-1.883544,-1.679419,-1.85423
cgds,-3.446535,-1.205535,-0.272988,-0.823145,-1.64175,-2.736943,-1.657317,-0.623417,-1.77637,0.396285,0.009592,0.324745,-1.438395,-0.484012,0.664228,-0.106311,-1.228345,-0.790151,-0.338974,0.488097,-1.971657,-0.94736,-0.502657,-1.801976,-0.636166,-0.507755,-1.557063,-2.505553,-1.378973,-2.691962,-1.204028,-1.226713,-1.142547,-2.335949,-0.251624,-1.363109,-0.257262,-1.727001,-1.081413,-2.238552,-1.756439,1.209915,-1.209446,0.752844,0.808066,0.029122,-0.975667,-6.067388,-0.41542,-0.53402,-2.061339,0.58602,-1.797761,-2.205596,-3.535551,-1.041796,-1.902749,-2.237182,-2.224018,-1.385628,-2.965288,-2.376546,-1.54081,-1.67392,-1.571482,-2.056883,-1.260995,-0.951739,-2.428859,-1.084652,-3.678134,-1.539884,-1.515196,-1.616905,-1.717589,-1.758615,-2.836587,-1.632066,-1.621895,-0.736825,-1.954468,-1.003008,-2.015716,-1.06102,-1.186659,-0.727643,0.492826,-1.095573,-0.759752,-1.033824,-2.585792,-0.488116,-0.713557,-1.470126,-1.298768,-0.439657,-1.860697,-1.529841,-1.54572,-1.934636,0.760113,-1.329305,-1.100622,-0.42194,-1.365817,-1.392158,-1.393188,-2.17466,-2.404472,-1.787947,-1.660895,3.999227,-1.544385,3.118733,2.235667,1.488729,-0.542331,0.784219,3.556376,1.844392,-0.745866,-2.162781,-1.17196,-1.500749,0.128217,-0.562075,0.451584,-0.258693,-1.808103,-1.000599,-1.617562,-1.65686,-1.754825,-1.799841,-0.972993,-1.066146,-1.716051,-1.469404,-1.662499