qo,aus,nzl,xoc,chn,hkg,jpn,kor,mng,twn,xea,brn,khm,idn,lao,mys,phl,sgp,tha,vnm,xse,bgd,ind,npl,pak,lka,xsa,can,usa,mex,xna,arg,bol,bra,chl,col,ecu,pry,per,ury,ven,xsm,cri,gtm,hnd,nic,pan,slv,xca,dom,jam,pri,tto,xcb,aut,bel,cyp,cze,dnk,est,fin,fra,deu,grc,hun,irl,ita,lva,ltu,lux,mlt,nld,pol,prt,svk,svn,esp,swe,gbr,che,nor,xef,alb,bgr,blr,hrv,rou,rus,ukr,xee,xer,kaz,kgz,xsu,arm,aze,geo,bhr,irn,isr,jor,kwt,omn,qat,sau,tur,are,xws,egy,mar,tun,xnf,bfa,cmr,civ,gha,gin,nga,sen,tgo,xwf,xcf,xac,eth,ken,mdg,mwi,mus,moz,rwa,tza,uga,zmb,zwe,xec,bwa,nam,zaf,xsc,xtw
land,0,-0.0242,-0.213,0,-0.8762,-0.0752,-0.0142,0,-0.0142,-0.0142,-0.1094,0,0,0,-0.0042,-0.01,-2.12,0,0,0,0,0,0,0,0,0,-0.0042,0,0,-0.5396,0,0,0,-0.01,0,-0.0042,0,0,0,0,-0.0184,-0.0142,0,0,0,-0.0042,-0.0184,-0.0468,-0.01,-0.0426,-0.061,-0.1236,-0.0284,0,0,-0.0384,0,-0.0042,0,0,0,0,-0.01,0,0,0,0,0,0,-0.0142,0,0,0,0,0,0,0,0,0,-0.0042,0,0,0,0,-0.071,0,0,0,0,0,0,0,0,0,0,0,-0.274,0,-0.0042,0,-0.0426,-0.0142,-0.1178,0,0,-0.0326,0,-0.0142,0,0,0,0,0,0,0,0,0,0,0,0,0,0,0,0,0,0,-0.0242,0,0,0,0,0,0,0,0,0,0,0,-0.0752
unsklab,0,0,0,0,0,0,0,0,0,0,0,0,0,0,0,0,0,0,0,0,0,0,0,0,0,0,0,0,0,0,0,0,0,0,0,0,0,0,0,0,0,0,0,0,0,0,0,0,0,0,0,0,0,0,0,0,0,0,0,0,0,0,0,0,0,0,0,0,0,0,0,0,0,0,0,0,0,0,0,0,0,0,0,0,0,0,0,0,0,0,0,0,0,0,0,0,0,0,0,0,0,0,0,0,0,0,0,0,0,0,0,0,0,0,0,0,0,0,0,0,0,0,0,0,0,0,0,0,0,0,0,0,0,0,0,0,0,0,0
sklab,0,0,0,0,0,0,0,0,0,0,0,0,0,0,0,0,0,0,0,0,0,0,0,0,0,0,0,0,0,0,0,0,0,0,0,0,0,0,0,0,0,0,0,0,0,0,0,0,0,0,0,0,0,0,0,0,0,0,0,0,0,0,0,0,0,0,0,0,0,0,0,0,0,0,0,0,0,0,0,0,0,0,0,0,0,0,0,0,0,0,0,0,0,0,0,0,0,0,0,0,0,0,0,0,0,0,0,0,0,0,0,0,0,0,0,0,0,0,0,0,0,0,0,0,0,0,0,0,0,0,0,0,0,0,0,0,0,0,0
capital,-0.020338,0.183348,-0.423789,-0.212895,-0.397119,0.070204,0.101344,-0.40214,-0.668934,-1.208928,-0.503497,-1.535045,-1.886334,-1.887196,-1.55188,-2.276282,-1.307101,-0.869329,-0.90278,-1.973553,-1.139486,-1.47241,0.021077,-0.669376,-1.454893,-1.46901,0.115648,0.056585,0.065427,0.096,0.133611,-0.137817,-0.140845,0.035224,-0.479601,-0.19394,-0.612419,-0.091154,0.047467,-0.292517,-0.001982,-0.3846,-0.012926,-1.324169,-1.435745,-1.237283,-0.170728,-0.767579,-0.799283,-0.833426,-0.651596,-0.794545,-1.049913,0.156696,0.100164,0.118269,0.176333,0.110336,0.053756,0.169675,0.147485,0.122617,0.240377,0.164461,0.122237,0.190302,0.159664,0.202847,0.159611,0.215327,0.129528,0.152936,0.148184,0.22179,0.104546,0.148585,0.119063,0.104349,0.069504,0.011122,0.170498,-0.049402,0.363398,0.09954,0.183632,0.128463,0.007531,0.207691,0.419492,0.220677,-0.08457,-0.293542,-0.021345,-0.554355,-0.281071,-0.275304,-0.45702,-0.220458,-0.2226,-0.284012,-0.503602,-0.36441,-0.762934,-0.705071,0.156331,-0.85882,-0.283128,-0.378193,-0.010486,-0.134531,-0.201255,-2.306627,-0.985161,-2.15981,-2.399155,-1.055094,-1.301726,-1.866184,-2.988956,-2.562233,-0.364216,-0.412635,-0.525053,-0.677267,-0.73698,-0.614419,-0.840038,-0.895104,-0.686878,-0.373006,-0.702494,-0.232647,-0.423703,-1.253847,-0.065567,-0.003635,-0.127918,-0.15793,-0.053118
natres,0,0,0,0,0,0,0,0,0,0,0,0,0,0,0,0,0,0,0,0,0,0,0,0,0,0,0,0,0,0,0,0,0,0,0,0,0,0,0,0,0,0,0,0,0,0,0,0,0,0,0,0,0,0,0,0,0,0,0,0,0,0,0,0,0,0,0,0,0,0,0,0,0,0,0,0,0,0,0,0,0,0,0,0,0,0,0,0,0,0,0,0,0,0,0,0,0,0,0,0,0,0,0,0,0,0,0,0,0,0,0,0,0,0,0,0,0,0,0,0,0,0,0,0,0,0,0,0,0,0,0,0,0,0,0,0,0,0,0
pdr,0.60048,-0.634689,6.402235,-0.153098,-0.381764,-0.197638,-0.492266,-0.583187,-0.253416,-0.474708,0.685785,-1.621937,-1.341944,-1.694543,-0.561186,-1.75424,-0.158329,-1.202304,-0.88011,-2.03869,-1.22601,-1.179457,-0.591147,-0.697279,-1.309456,-1.721158,-2.105864,0.036868,0.608755,0.307711,-1.989022,-0.135117,0.360845,-0.436985,-0.464873,0.194525,-0.641804,-0.255609,-1.183588,-0.286237,-1.038597,0.154407,2.852749,0.240382,-1.651481,-0.998098,0.969719,-0.946575,-0.588833,-2.218271,-0.291075,-1.818167,-1.573027,0.093493,-2.460751,1.476233,-0.090932,-4.043656,-2.913543,-0.937909,-3.947305,-2.054176,0.364445,-2.140885,-1.501843,-0.766355,-1.205427,0.987934,-0.156142,1.111222,-2.152539,-2.597673,-0.965371,-2.909848,-0.653033,-1.217567,-2.443974,-4.279712,-1.902419,-1.982712,0.131221,-2.148174,-1.864399,0.091381,-0.992543,-2.365981,-1.352365,-0.027911,0.110587,-1.424815,0.448504,0.330287,0.546779,-2.374297,-0.381244,-0.771138,-0.451653,-0.356357,0.789641,-1.612978,-0.010424,-0.386859,-0.73822,3.410574,-0.170173,6.683193,-1.528007,-0.793545,-0.59887,0.435238,-0.700353,-8.311442,0.227651,-2.663021,-2.556527,-1.679129,-3.112731,-4.042717,-3.720744,-2.760368,-0.871746,-0.596803,1.547617,-2.476916,-1.727896,-1.514991,-1.089496,-1.385559,-1.032919,-0.492901,0.969162,-0.633102,1.485561,-1.580649,-0.502118,0.763787,-0.17211,-0.211257,-1.196296
wht,5.875158,-2.454681,7.66399,-0.082543,3.005408,2.057526,-0.542456,-0.069883,0.702272,3.501451,40.264418,7.2222,6.212934,2.836281,34.563384,1.990085,9.164142,4.15408,12.087023,40.638726,4.154051,-1.290544,-0.426075,-0.404467,4.784775,-0.462221,-13.170373,1.351273,8.782,-0.735274,-0.94082,1.318611,12.104071,0.855003,13.60796,9.202984,9.127827,4.866142,3.139765,10.906649,8.564216,12.337758,12.170281,0.443307,15.23925,35.740554,10.186849,7.407733,33.952807,7.801496,8.050909,13.804273,2.985815,0.691492,-1.438853,8.377216,-1.185747,-1.207853,-4.299551,-3.996956,0.025428,-1.520587,4.624481,-0.871568,0.036662,2.077254,-5.877704,-3.502994,-1.962491,6.77281,-3.511937,-0.830305,5.534233,0.164602,-0.729341,2.323558,-3.422583,-1.145557,-2.22201,-4.383624,1.686495,0.161957,6.119057,0.581292,0.274614,-2.588553,-7.730205,-3.123105,-1.522902,-1.941269,-0.045499,0.308171,0.274398,0.983398,0.594144,1.258945,4.219281,-0.150421,10.768559,6.689941,0.270107,5.705279,0.868947,0.187769,1.185274,9.857959,0.806081,3.793059,1.718664,-0.230909,-1.239691,-1.734067,5.451123,17.67116,8.036781,14.954765,-4.399189,12.920802,24.808594,14.00049,18.175014,11.822086,7.221994,18.991949,1.67777,1.87493,-1.749427,-2.184453,12.197738,19.259434,9.57956,0.448344,5.054506,5.440851,3.882229,9.982898,4.025056,5.836806,5.098893
gro,-0.91424,0.365125,-1.385458,-0.099195,-0.910752,-0.48759,-0.869401,-0.397678,-0.654035,-1.640539,-1.528411,-1.892209,-2.27623,-1.451827,-2.502313,-2.180081,-2.288551,-2.010682,-1.333557,-2.197062,-1.530572,-1.295151,-0.512524,-0.748556,-1.774729,-1.613141,1.579558,-0.192787,-0.613196,0.14684,0.111326,-0.655379,-0.633687,-0.397496,-1.71237,-0.356296,-1.128541,-1.068655,-0.331303,-1.19784,-0.404468,-2.183597,-0.592603,-1.649478,-1.975485,-2.85489,-0.912533,-2.559523,-1.975082,-1.794134,-2.372662,-4.537638,-2.178309,0.390314,0.837898,-1.092539,-0.281439,0.325456,0.531877,1.149047,0.233244,0.128651,-0.174286,-0.221777,0.484491,0.009896,0.058454,0.248626,0.177899,-0.110708,0.36336,-0.038704,-0.015069,0.007428,-0.040202,-0.159589,0.532143,0.326825,0.556547,0.236972,0.475087,-0.389545,-0.068062,-0.004476,-0.098083,0.003161,0.727257,0.246645,-0.045743,0.051051,0.207542,-0.340866,-0.108198,-0.346617,-0.49441,-0.141645,-0.380912,-0.376317,-0.835776,-0.322539,-1.029909,-0.888848,-1.239131,-2.049221,-0.119234,-1.379488,-0.520702,-1.122597,-0.574832,-1.322859,-0.877436,-3.396907,-1.580063,-2.803114,-3.191212,-1.850634,-3.229979,-2.565226,-3.336171,-3.037457,-1.238629,-0.767915,-1.065476,-1.379721,-1.415841,-1.506094,-1.627307,-1.750734,-1.522204,-1.29664,-1.14892,-0.837599,-0.697345,-1.13834,-0.343029,-0.091841,-0.063551,-0.406701,0.162383
v_f,-0.724884,2.514968,-1.463951,-0.148383,-1.893678,0.096068,-0.106267,0.576984,-0.955913,-2.30482,-3.241485,-2.400785,-2.091635,-1.867636,-3.318589,-3.535806,-5.139205,-2.338304,-2.370188,-2.256041,-1.822943,-1.478049,0.261199,-1.293261,-1.982946,-1.920258,4.797174,0.692588,-1.33499,0.117208,-0.170442,-0.933725,-1.096424,1.330012,-1.452229,-2.100554,-0.623177,-1.399565,-0.387868,-0.722627,-0.844228,-3.656259,-1.076337,-2.346239,-2.209067,-5.485876,-0.79303,-6.791018,-2.129499,-2.49192,-2.178516,-5.00905,-1.838776,1.484107,1.249579,-1.682827,0.427425,1.529587,0.614176,0.806219,1.068924,1.30147,-0.420065,1.030744,2.002974,-0.130002,0.885169,0.928285,1.37619,-0.450829,1.365432,0.761298,-0.193537,0.522378,0.192849,-0.007166,1.792362,1.505367,0.519911,1.384453,0.992137,-0.206349,-0.431786,0.066145,0.36087,0.032076,0.829123,0.089753,0.10175,0.163379,-0.173728,0.500134,0.091893,-0.052717,-0.675806,0.337455,-1.8023,-0.497641,-0.431009,-0.068684,-1.801706,-1.607431,-1.905075,-1.344399,0.273815,-1.395924,-0.595759,-1.184566,-0.58594,-0.236669,-0.27146,-5.375681,-1.669181,-3.822699,-3.485178,-3.192477,-3.219107,-3.418687,-4.413761,-4.626138,-1.369745,-1.072891,-1.209185,-1.449801,-2.210478,-1.596817,-1.316899,-2.006422,-1.51885,-1.384831,-0.919273,-0.8991,-1.259455,-1.635048,-0.493586,-0.597416,-0.349842,-0.462503,0.013938
osd,-2.39759,4.463541,-3.550731,0.439827,-4.364695,-0.531115,-0.481798,7.025214,-3.933722,-6.041979,-2.47326,-2.446359,-3.177524,-2.167208,-3.32839,-2.960006,-4.98136,-4.120036,-3.772474,-2.750003,-2.074863,-1.794043,1.252287,-1.292539,-2.303997,-2.29756,4.715228,1.248931,-3.761173,0.28803,-0.322071,-1.866508,-2.486722,0.147387,-1.481713,-0.166749,-3.353945,-0.874785,-1.479142,-3.693637,-1.39137,-3.658787,-1.348609,-2.778467,-6.248409,-2.650141,-0.204713,-2.263736,-1.955436,-1.054408,-4.803553,-6.383538,-2.78149,2.509976,2.577721,-0.246812,0.643274,2.529465,1.020574,2.406822,1.387093,1.360828,0.614268,0.288409,2.109601,0.724639,1.934018,0.951209,2.831989,-0.8546,1.125591,0.65118,0.903649,0.916149,0.911082,0.61289,2.358231,1.674162,2.82034,2.812246,2.274089,-0.148261,1.842368,-0.182742,0.830857,0.92913,2.3268,1.590094,0.698004,0.236859,1.122173,0.206694,1.179378,-0.681238,-1.461596,3.192344,6.189722,-0.639041,-1.153138,0.247807,-0.181035,-1.504655,1.111087,-1.294663,1.248812,-0.896574,-0.858825,-2.50169,-0.865914,-2.644141,0.046864,-11.557363,-1.420124,-1.539968,-3.563421,-2.163634,-4.182585,-2.98625,-7.397336,-5.412143,-1.497584,-0.826353,-5.605052,-1.275824,-1.842176,-1.360209,-5.809217,-3.299369,-1.555722,-2.053739,-2.575415,-0.815525,-0.380355,-3.47162,-0.396448,-0.320157,0.052622,-0.030369,-0.457257
c_b,0.126703,1.574075,-0.629497,0.003135,-1.678671,0.004699,1.20029,0.319881,-1.290398,-1.18817,-2.848409,-2.08886,-2.630736,-1.531244,-3.428499,-2.557289,-1.949938,-1.087055,-1.103008,-1.869787,-1.133988,-1.259411,-0.223518,-0.90694,-3.257001,-1.640028,0.491097,0.170348,-0.117722,0.171376,-0.039069,0.806463,-0.800508,0.214678,-0.475506,-0.298338,-0.888025,-0.329366,0.152488,-0.936596,-0.330025,-0.869788,-0.09807,-1.613281,-1.60837,-1.244906,-0.07849,-1.554981,-1.219957,-6.34695,-0.573532,-2.656002,-1.572694,0.464399,0.546764,0.337578,0.026419,0.375156,0.188725,1.015049,0.616206,0.418895,0.369689,-0.004076,0.586193,0.240532,0.213768,0.264439,1.182795,-0.04498,0.381661,0.161467,1.83651,0.025655,0.570024,0.490121,0.327447,1.205625,0.71148,0.702186,0.723552,-0.128348,0.711763,1.705282,0.742053,0.777276,0.429875,0.076796,0.1349,0.384405,0.083562,2.638599,0.090005,-0.302042,-0.864908,0.161373,-0.243466,-0.774478,-0.051428,-0.095119,-0.319789,-1.513271,-0.465944,0.884887,-0.022556,0.930682,0.921654,-1.076819,-0.612113,0.503484,0.732411,-3.631779,-1.381766,-3.474779,-3.541487,-1.544987,-3.314165,-2.033425,-3.849151,-3.610276,-2.284591,-0.759519,-0.883052,-1.786028,-1.167003,-1.571426,-4.067904,-0.471075,-0.657254,-0.512342,-3.041669,-0.518613,-1.140732,-2.05465,-0.423856,-0.332167,-0.067423,-0.608521,0.424834
pfb,-1.395057,1.397507,-2.016806,0.522568,-3.677811,0.875992,0.42964,1.71584,-2.873433,-4.712426,-4.491405,-1.913461,-4.591146,-2.107454,-3.855367,-3.294226,-5.138051,-4.314965,-3.527662,-2.402585,-1.69442,-2.489183,-0.003433,-2.367544,-16.250446,-2.082217,1.11394,2.017662,-1.910317,0.801697,0.051517,-0.030706,-1.919413,0.047071,-3.079835,-1.548477,-2.036406,-2.182949,-0.041454,-1.048608,-0.344382,-2.081398,-2.551921,-1.312958,-2.017687,-2.017102,-3.430684,-2.839984,-2.755915,-2.594138,-3.101564,-4.260227,-1.790939,1.435791,1.860087,-0.563133,-0.096517,1.170579,0.216505,2.480385,1.327559,3.373603,-0.558688,0.346653,4.165673,1.286944,1.774482,0.526811,2.298006,-0.513088,0.585193,0.220291,0.588905,-0.177425,2.16967,0.877847,3.2174,3.165928,1.779067,0.495848,3.615695,1.300852,-0.931876,0.149626,2.346393,0.264958,3.733194,0.203437,-0.26399,0.480942,1.080135,1.136565,1.744544,-0.277167,-0.692022,0.504837,-1.134712,-0.721937,-0.459372,-0.237861,-0.54653,-2.388406,-0.811751,-0.443279,1.138908,-1.610034,-0.791345,-1.063464,-0.59911,-0.598873,0.058648,-11.470155,-6.808051,-3.577099,-5.280654,-2.255262,-11.713587,-4.551828,-7.016608,-9.193119,-5.388694,-0.571867,-1.878547,-19.861836,-1.646023,-3.578103,-8.542898,-3.21131,-0.220875,-4.050244,-3.194547,-1.757583,-1.805943,-2.279794,-1.033897,-2.819767,-0.057765,-0.499847,0.54815
ocr,-0.549007,9.456982,-3.848058,3.368138,-4.382897,1.077714,0.233545,13.146496,-2.475614,-2.248627,-3.746123,-2.877234,-2.962238,-2.337076,-2.310541,-3.158751,-6.664212,-2.868555,-2.885976,-2.315067,-1.57198,-1.503999,0.733288,-1.814164,-3.024891,-1.638339,5.50423,2.310796,-1.023784,1.329831,0.508623,-0.509631,-1.115312,3.632247,-4.691189,-0.911257,-1.508107,-1.870267,0.270728,-0.648406,-0.343291,-2.754424,-1.98214,-3.457413,-4.852996,-1.881815,-3.997113,-4.75145,-3.285735,-2.535722,-3.912098,-3.537079,-1.671594,1.742538,4.951659,-0.55286,0.901524,3.449709,5.236558,3.841384,1.915479,2.79893,1.381384,0.629383,1.333662,1.202582,3.763246,0.438166,3.033372,-0.425662,5.582279,1.458776,0.392079,0.59918,1.045985,1.070317,2.6692,3.840846,2.386438,1.731178,2.373583,0.092155,0.928766,0.388896,3.777854,0.220174,6.62951,2.564786,2.482703,2.364749,1.200972,3.254576,1.302612,0.645228,-0.344009,1.621514,-3.177187,-0.292712,1.195981,0.778477,-2.618385,-2.797201,-2.456371,0.827769,4.007066,-3.33742,1.04409,-1.948117,-0.058266,0.46071,1.178501,-5.488095,-4.938475,-7.842466,-11.334898,-10.309697,-7.506434,-6.103291,-8.970484,-7.157235,-4.704944,-0.925691,-3.036287,-2.57919,-2.719863,-2.577359,-1.818628,-3.710518,-3.236669,-2.32837,-3.074813,-1.23989,-0.838652,-3.349781,-0.706391,-3.566491,1.127378,-0.351992,2.023299
ctl,-0.588477,0.267629,-0.57241,-0.457239,-0.849615,0.037528,-0.330803,-0.462869,-0.982443,-1.371255,-0.773197,-1.815013,-1.859173,-1.766838,-1.702357,-2.541558,-2.804037,-1.551403,-1.145304,-2.259562,-0.927168,-0.496337,-0.593171,-1.000114,-1.375942,-1.533175,0.639977,-0.318961,-0.314518,-0.027359,-0.23512,-0.267601,-0.380624,-0.104147,-0.651251,-0.283157,-0.450009,-0.32454,-0.231673,-0.66547,-0.143695,-0.444853,-0.14554,-1.283502,-0.977245,-1.418225,-0.601273,-0.718094,-0.79128,-1.054564,-1.175173,-1.496008,-1.176157,0.490458,-0.082249,0.007523,-0.463976,0.294598,-1.220592,0.140166,0.098964,0.251556,-0.09259,-0.284011,0.614515,0.098742,0.513797,-0.20864,0.201086,0.262589,-0.360052,-0.219031,0.063445,-0.144191,-0.119428,-0.136929,0.158962,-0.184195,-0.118661,-0.078173,0.372146,-0.38584,-0.219791,0.074348,-0.069692,-0.131559,0.140377,-0.012691,-0.312532,0.009225,-0.354013,-0.295978,-0.154704,-0.615438,-0.647415,-0.277136,-1.640444,-0.575972,-0.732836,-0.064924,-1.395091,-1.315656,-1.764472,-1.441106,-0.068018,-1.624596,-0.567362,-1.145501,-0.352395,-0.60846,-0.610877,-3.833965,-1.253831,-2.487558,-3.117268,-1.953099,-3.229736,-2.301472,-3.518045,-2.928138,-0.922268,-0.701167,-1.073023,-1.261068,-1.310502,-1.285842,-1.946367,-1.657661,-0.9131,-0.968606,-0.866335,-0.609053,-0.533846,-1.505539,-0.283382,-0.03794,-0.228519,-0.326207,-0.058548
oap,-0.442179,0.432211,-1.061356,-0.514511,-1.070983,-0.243932,-0.625759,-0.441475,-1.020816,-1.339266,-0.976726,-1.779076,-1.765329,-1.854599,-1.773973,-2.108802,-1.229507,-1.484739,-1.209765,-2.341824,-1.554208,-1.546927,-0.73655,-1.21086,-1.720248,-1.529396,0.525278,-0.092749,-0.344499,0.015025,-0.478133,-0.290471,-0.222492,-0.523999,-0.611922,-0.326483,-0.607782,-0.470774,-0.068346,-1.050363,-0.173891,-0.688583,-0.146648,-1.270534,-1.614354,-1.478906,-0.499503,-1.977861,-0.89869,-1.166534,-1.059723,-1.705924,-1.592315,0.235195,0.040191,0.095039,-0.223123,-0.292572,-0.687812,0.583705,-0.060651,-0.541711,-0.031052,-0.12561,0.722658,0.202031,-0.046415,0.09517,0.859839,0.044151,-0.384283,-0.285437,0.059687,-0.048148,0.04994,-0.135973,0.119678,-0.728468,-0.00792,0.129743,0.620523,-0.52518,-0.277059,-0.044016,-0.217356,0.040648,0.053723,-0.009154,0.030655,-0.012285,-0.322877,-0.281137,-0.19926,-0.974083,-0.637572,-0.326985,-1.373802,-0.50451,-0.401584,-0.327084,-1.656667,-1.076305,-1.662863,-1.282385,-0.178883,-2.136866,-0.615955,-1.215204,-0.398278,-0.471082,-0.490112,-3.942459,-1.551883,-3.222306,-3.522645,-1.827391,-4.242905,-2.392269,-3.491223,-3.888141,-1.077788,-0.91197,-1.150997,-8.108703,-1.290499,-1.045671,-1.185682,-1.789811,-1.141285,-0.904101,-0.531721,-0.549107,-0.524005,-1.513166,-0.008779,-0.016275,-0.153729,-0.474369,-0.07863
rmk,-0.002964,-0.043183,-0.463735,-0.515095,-0.173568,-0.136431,-0.367513,0.352627,-1.166736,-1.191763,-2.101791,-2.245804,-1.850859,-1.08439,-1.921233,-2.343228,-2.092933,-1.610448,-1.612492,-1.690697,-0.928086,-1.400314,-0.433889,-1.006887,-1.286458,-1.68108,0.064973,-0.293483,-0.109675,-0.243785,-0.263429,-0.285837,-0.362233,-0.080403,-0.594027,-0.312338,-0.549819,-0.305776,-0.094518,-0.720591,-0.123484,-0.501553,-0.111217,-1.340852,-2.1411,-1.504734,-0.355176,-1.799454,-0.988231,-0.936316,-0.671874,-1.578093,-1.772188,0.12445,-0.016602,0.055786,-0.13741,-0.013268,-0.43575,0.047835,-0.074473,-0.111054,-0.117761,-0.065032,0.22444,0.045659,0.096219,0.089599,0.571141,-0.022316,-0.378219,-0.06775,-0.031381,0.043986,0.028184,-0.109522,0.025213,-0.161761,-0.07343,-0.069156,0.186611,-0.412614,-0.338238,-0.136165,-0.159728,-0.180401,-0.048007,0.07787,0.124751,-0.063771,-0.318549,-0.300875,-0.117212,-0.208149,-0.753844,-0.046214,-1.083624,-0.586697,-0.560098,-0.352056,-2.074521,-0.581648,-1.171358,-2.784744,-0.112456,-1.139796,-0.409507,-0.809029,-0.210764,-0.697558,-0.650438,-3.858025,-8.908739,-2.030752,-2.102588,-1.817444,-5.684486,-3.093101,-2.301668,-3.094643,-0.562321,-0.394655,-1.141928,-1.208573,-1.314549,-0.391017,-4.50863,-1.675424,-1.463676,-0.868806,-0.937724,-0.651648,-0.597168,-1.487284,-0.319514,-0.086357,-0.233031,-0.286719,-0.180701
wol,1.394433,1.2999,-0.308824,-1.499186,0.3451,-0.013454,-0.764543,1.550605,-2.23672,-1.746475,-0.613944,-2.242349,-1.851563,-0.980854,-3.373448,-2.305006,-1.446688,-1.721241,-1.085574,2.227274,0.18791,-1.794096,-0.627268,-3.070423,-16.910042,-0.34749,0.557589,-1.456997,-0.411984,-0.73188,-0.273323,-0.311894,-0.241781,-0.265721,0.128594,-0.021408,-0.552343,-0.500394,0.044216,-0.926085,-2.205431,-0.076434,1.181933,-0.869182,-1.955948,-0.936803,0.035961,-0.937963,-1.678778,-0.387398,-1.440899,-3.358606,-1.520993,2.425955,8.613333,3.354417,4.485535,2.094425,0.181246,4.006133,3.445792,2.930222,2.383352,-0.429871,5.102067,6.634106,0.823971,0.7303,3.107855,2.168436,3.742159,0.885968,1.819638,2.329024,0.720421,8.655712,3.499131,4.237538,0.29242,0.846793,2.60883,-1.151776,-0.205022,-0.254939,-0.678777,0.764525,0.32119,0.17226,-0.362034,-0.309648,-0.135136,0.201361,-0.014972,0.506214,-0.62781,-0.135144,2.428417,-0.384374,-7.783582,0.123549,7.610029,1.007614,7.47639,4.781741,0.018574,5.065856,-0.610261,-0.739774,-0.370344,0.140049,-0.125061,-4.556312,-11.546717,-2.746405,4.381368,-3.249031,-7.018652,-1.735772,-3.951665,-4.697377,-1.008467,-0.446328,-1.809789,-27.229594,-0.978379,-2.199093,-10.172322,-6.134058,-0.026024,-3.895918,2.374367,-3.558581,-0.480278,-1.707745,0.851661,0.162224,1.907091,2.306333,0.324768
frs,0.207822,0.281887,-0.092932,-0.461377,-0.808052,0.062107,-0.173839,-0.223258,-1.552279,-1.363179,-5.500997,-1.378978,-2.427898,-2.532057,-2.641515,-1.996072,-1.414198,-1.918922,-2.069828,-3.358621,-1.159288,-1.85089,-0.306698,-0.560793,-2.35458,-1.102509,0.233897,0.087002,0.140454,0.058591,0.04374,0.063854,-0.322481,0.112188,-0.514206,-0.086577,-0.613154,-0.149671,0.126805,-0.226944,0.426936,-0.136313,0.001393,-2.338678,-2.169331,-2.311348,-0.189896,-2.417365,-0.74256,-0.955152,-0.936805,-3.252199,-1.768354,0.194476,0.365098,0.040166,0.176402,0.147076,0.234322,0.170177,0.226758,0.19469,0.106746,0.131734,0.247951,0.208964,0.157726,0.147638,0.262631,0.276317,0.211287,0.116537,0.205999,0.139302,0.124138,0.16919,0.172873,0.214999,0.14541,0.216399,0.077261,0.104354,0.032262,0.06021,0.165337,0.121366,0.318706,0.111468,0.020768,0.18058,0.489115,-0.172513,0.164094,-0.334029,-0.38454,-0.100149,0.422759,-0.244283,-0.292992,-0.083653,0.497798,-0.412854,0.397901,-0.007231,-0.029165,0.512758,-0.3486,-0.180601,-0.117902,0.200811,0.180056,-2.403395,-0.550538,-1.661566,-4.182974,-0.81778,-5.510309,-1.626848,-1.291965,-1.697292,-0.811597,-0.093689,-0.59545,-0.403417,-0.852922,-0.462111,-1.438738,-1.143725,-0.878949,-0.340826,-0.394792,-0.331336,-0.328212,-1.385777,-0.350353,-0.1314,-0.167974,-0.307611,-0.030517
fsh,-0.110362,-0.056032,-0.293188,-0.328809,-0.302045,-0.082428,-0.180148,-0.268359,-0.468848,-0.878504,-1.329842,-1.655893,-1.322598,-1.867986,-1.359153,-1.431326,-0.497194,-0.976607,-0.887424,-2.090623,-1.052108,-1.110512,-0.355736,-0.621707,-1.118167,-1.109355,-0.044226,-0.054746,-0.085492,0.03838,-0.150776,-0.096247,-0.507578,-0.017399,-0.467457,-0.084972,-0.568336,-0.168886,-0.15688,-0.573475,-0.137825,-0.616776,-0.110248,-1.1613,-0.448738,-0.878367,-0.224759,-0.886485,-0.615192,-0.509107,-0.565261,-1.204905,-0.811159,0.010182,-0.020687,-0.085793,-0.021887,-0.011567,-0.05693,0.024435,0.011258,-0.010859,0.044891,-0.038689,0.033849,0.01875,0.029894,0.012241,-0.021382,-0.026182,-0.009373,-0.009237,-0.000015,0.004233,-0.034897,-0.016324,-0.008313,-0.009628,-0.029673,-0.008468,0.013297,-0.051853,0.057358,-0.117789,-0.004955,-0.021275,-0.009167,0.034028,0.059887,-0.048388,-0.118456,-0.121333,-0.119908,-0.199162,-0.400412,-0.143776,-0.459195,-0.213989,-0.323654,-0.266863,-0.420813,-0.98056,-0.704862,-0.484411,-0.047832,-0.466324,-0.402533,-0.652573,-0.128646,-0.23565,-0.332442,-2.688639,-1.081653,-3.069091,-2.687581,-1.275307,-3.006696,-1.278101,-2.556799,-2.064596,-0.576623,-0.542465,-0.874095,-0.783859,-1.050887,-1.24273,-0.606484,-1.316527,-1.072009,-0.387943,-0.741683,-0.424316,-0.392074,-1.132369,-0.20696,-0.007756,-0.129195,-0.238738,-0.113083
coa,-0.31889,-0.422694,-0.301785,-0.334192,-0.362257,-0.258663,-0.225696,-0.303602,-0.639132,-0.624776,-0.528636,-0.704973,-0.422409,-1.099693,-0.736049,-0.715204,-0.526513,-0.702525,-0.607437,-1.315359,-0.582422,-0.770911,-0.556804,-0.487707,-0.525687,-0.723044,-0.260781,-0.165596,-0.192306,-0.155353,-0.268689,-0.17113,-0.159078,-0.213525,-0.100213,-0.231958,-0.368113,-0.180146,-0.264502,-0.115895,-0.221188,-0.219419,-0.290204,-0.398609,-0.513386,-0.461647,-0.316535,-0.426348,-0.382291,-0.442608,-0.238999,-0.559441,-0.475397,-0.150721,-0.175535,-0.218474,-0.120842,-0.178202,-0.079226,-0.133626,-0.211487,-0.137264,0.054148,-0.122718,-0.093654,-0.177553,-0.23196,-0.15028,-0.168806,-0.204415,-0.187968,-0.115084,-0.1907,-0.122456,-0.179634,-0.221086,-0.207016,-0.152434,-0.121922,-0.122392,-0.189208,-0.095587,-0.151288,-0.097034,-0.162072,-0.092442,-0.159288,-0.156162,-0.197407,-0.037715,-0.11171,-0.132258,-0.055563,-0.023821,-0.28207,-0.138211,-2.457885,-0.339218,-0.283644,-0.224218,-1.776977,-0.981651,-2.060663,-0.134503,-0.186236,-0.671191,-0.212677,-0.243123,-0.236952,-0.225051,-0.170834,-0.61972,-0.345068,-0.387985,-0.541604,-2.173634,-2.803211,-0.519559,-2.506618,-0.507234,-0.272277,-0.317025,-0.52785,-0.333831,-0.35487,-0.26654,-0.448056,-0.267699,-0.304018,-0.193465,-0.24087,-0.352941,-0.197968,-0.430067,-0.264911,-0.220184,-0.313264,-0.296106,-0.225637
oil,-0.205377,-0.244171,-0.232734,-0.23517,-0.33151,-0.197766,-0.17414,-0.186994,-0.400343,-0.352294,-0.303085,-0.321578,-0.340354,-0.339419,-0.531706,-0.416699,-0.448285,-0.421881,-0.376321,-0.995807,-0.130346,-0.514471,-0.384871,-0.280549,-0.332759,-0.141388,-0.167743,-0.168285,-0.174808,-0.165789,-0.205596,-0.111043,-0.154971,-0.173301,-0.080402,-0.143863,-0.298042,-0.144859,-0.217496,-0.085939,-0.17617,-0.22049,-0.159979,-0.465318,-0.414285,-0.255869,-0.21562,-0.416912,-0.34504,-0.402073,-0.217539,-0.342197,-0.29769,-0.18053,-0.18762,-0.191377,-0.15763,-0.135294,-0.037182,-0.166238,-0.18274,-0.152186,-0.154939,-0.164179,-0.16388,-0.169739,-0.174066,-0.159845,-0.233131,-0.252012,-0.166933,-0.179021,-0.198139,-0.149645,-0.192133,-0.183853,-0.161245,-0.134305,-0.152823,-0.118569,-0.196615,-0.162145,-0.230345,-0.17577,-0.173717,-0.18031,-0.105568,-0.185113,-0.191591,-0.159558,-0.142575,-0.099508,-0.14659,-0.112727,-0.129214,-0.10593,-0.27002,-0.17005,-0.218275,-0.198047,-0.286724,-0.255308,-0.319683,-0.406543,-0.218895,-0.237233,-0.164676,-0.150415,-0.205551,-0.169038,-0.106501,-0.382139,-0.164558,-0.157528,0.209821,-0.566163,-0.356809,-0.355578,-1.662424,-0.236873,-0.189343,-0.199052,-0.119536,-0.174249,-0.196779,-0.17926,-0.337776,-0.233808,-0.177503,-0.703757,-0.137024,-0.27242,-0.180111,-0.320161,-0.281137,-0.247044,-0.198672,-0.199324,-0.198502
gas,-0.061027,-0.090562,-0.074799,0.037349,-0.075892,-0.089299,-0.033741,-0.12467,-0.227039,-0.669359,-0.139362,-0.847918,-0.105982,-0.264005,-0.536605,-0.553654,-0.121343,-0.571664,-1.33866,-0.346073,-0.6492,-0.38745,-0.287851,-0.623326,-0.071935,-0.112257,-0.065351,-0.086823,-0.077836,-0.063914,-0.14686,-0.020277,-0.052497,-0.093507,-0.065724,-0.210895,-0.383487,-0.047245,-0.071461,0.023857,-0.053375,-0.095065,-0.077406,-0.556406,-0.503529,-0.270688,-0.128169,-0.318998,-0.053674,-0.380216,-0.005836,-0.249591,-0.209113,-0.070517,-0.079051,-0.186619,0.071492,-0.030886,-0.014398,-0.053573,-0.073319,-0.070005,-0.054497,-0.06528,-0.081884,-0.059763,-0.057406,-0.04633,-0.084133,-0.221647,-0.073053,-0.094842,-0.104886,-0.058515,-0.072312,0.02114,-0.003901,-0.044815,-0.051795,-0.0215,-0.083315,-0.082725,-0.130602,-0.011116,-0.054332,-0.068912,0.016284,-0.072078,-0.140139,-0.050434,-0.008239,-0.025879,-0.055966,0.032372,-0.033241,-0.020383,-0.417365,-0.031318,-0.148982,-0.184127,-0.134189,-0.116643,-0.171296,-0.445681,-0.106927,-0.160444,-0.030636,-0.023635,-0.020091,-0.08059,0.015602,-0.294562,-0.525017,-1.71719,0.156444,-0.140637,-0.251588,-0.6932,-0.765856,-0.81775,-0.072372,-0.411273,-1.037687,-0.307062,-0.262925,-0.076742,-0.444964,-0.280662,-0.495879,-0.430695,-0.053012,-0.083119,-0.166582,-0.144074,-0.180705,-0.262995,0.048395,-0.260502,-0.099473
omn,-0.255756,-0.080832,-0.514126,-0.347514,-0.302862,-0.040216,-0.018113,-0.251941,-1.081616,-0.799286,-0.8991,-2.146748,-1.394283,-0.637072,-1.457226,-1.111729,-1.827334,-1.290933,-0.953855,-0.699864,-1.149248,-1.061631,-0.373464,-0.649414,-1.605486,-1.352143,-0.122636,-0.111464,-0.078173,0.054478,-0.154556,0.018766,-0.211244,-0.296475,0.036896,-0.206256,-0.806186,-0.124931,-0.143507,-0.081016,-0.149877,-0.439859,-0.147509,-0.542886,-0.570854,-1.216457,-0.229263,-1.64366,-0.698852,0.152603,-0.368647,-0.517599,-0.934839,0.010298,-0.890299,0.003943,-0.014912,0.013832,-0.025273,-0.083136,-0.078558,-0.062552,-0.017789,-0.028832,0.013001,-0.069189,-0.106987,-0.053703,-0.034237,0.132903,-0.027471,-0.019225,-0.030462,-0.020038,-0.046421,-0.082765,-0.1366,-0.227523,-0.165139,0.002564,-0.074373,-0.224892,-0.150905,0.013757,0.077736,-0.117283,0.070015,-0.154178,0.018086,0.063983,0.043332,-0.15217,-0.057309,0.053745,-0.18777,-0.005848,-0.917623,-0.281713,-0.612538,-0.805801,-0.888586,-0.806306,-1.106859,-1.085358,-0.204108,-0.808298,-0.087783,-0.459246,-0.401583,-0.236352,-0.278675,-1.04417,-0.888215,-1.245058,-0.334179,-0.293506,-2.938308,-1.151883,-1.070243,-0.250631,-0.353174,-0.272069,-0.695929,-0.451701,-0.375579,-0.086148,-1.190995,-0.409685,-0.678763,-0.316796,-0.502487,-0.364156,-0.149168,-0.75754,-0.055632,-0.169487,-0.302753,-0.170285,-0.236026
cmt,-0.702426,0.210967,-0.63294,-0.553476,-1.05721,-0.00611,-0.440526,-0.068005,-0.98886,-1.226567,-3.748901,-1.834918,-1.900112,-1.380216,-2.841169,-2.224017,-2.578917,-1.421108,-1.090817,-2.250944,-0.416777,-1.41749,-0.658156,-0.823579,-1.535433,-1.87255,0.296991,-0.280579,-0.125845,-0.033282,-0.267003,-0.2581,-0.420317,-0.073459,-0.632177,-0.25175,-0.392316,-0.255623,-0.388085,-0.638642,-0.131031,-0.44363,-0.17109,-1.346869,0.049117,-1.164703,-0.664065,-1.040267,-0.74749,-1.014079,-0.451894,-1.452031,-1.167701,0.263991,-0.139959,-0.114724,0.161263,0.476746,-0.110709,0.093361,0.052543,0.22777,-0.229318,-0.47259,0.542101,0.018305,0.237519,-0.056276,0.0103,0.131529,-0.464203,-0.095432,0.096369,0.021069,0.022162,-0.114483,0.131491,-0.157718,-0.061217,-0.12198,0.247295,-0.39319,0.078852,-0.10548,-0.06744,-0.014848,0.080007,0.092607,-0.090978,0.06775,-0.179676,-0.122456,-0.057496,-0.719554,-0.545935,0.228733,-1.396245,-0.609922,-0.823798,0.677718,-1.483414,-1.204836,-1.428193,-1.727365,-0.098361,-1.547384,-0.452945,-0.57489,-0.295969,-0.583562,-0.603859,-3.892439,-1.22737,-2.466342,-3.0955,-1.675295,-3.475725,-1.944131,-3.004714,-2.660087,-0.868661,-0.627623,-0.862178,-0.87221,-1.329598,-1.452165,-0.8874,-1.612884,-1.428935,-0.947578,-0.941985,-0.596333,-0.464952,-1.28684,-0.380025,0.044746,-0.215377,-0.286124,-0.189368
omt,-0.009641,-0.110732,-1.557659,-0.608946,-0.216271,-0.248095,-0.604695,-0.121181,-1.090168,-1.334231,-0.836301,-1.853504,-1.731848,-1.778237,-1.827874,-2.003115,-2.162215,-1.689642,-2.046032,-2.361843,-0.079694,-1.702392,-0.557817,-0.777799,-1.313645,-1.706824,0.770661,-0.095561,-0.388356,0.14928,-0.506817,-0.290762,-0.027763,-0.591238,-0.552733,-0.312154,-0.595425,-0.451082,-0.037097,-1.068161,-0.186377,-0.716347,-0.118543,-1.324434,-1.624865,-1.206028,-0.224839,-2.041364,-0.91884,-1.345107,-0.463527,-1.755929,-1.861094,0.260093,0.099091,0.095331,0.221732,-0.320123,-0.639564,0.224559,-0.077604,-0.870908,-0.058891,-0.065648,1.245735,0.252893,0.505426,0.30902,0.775189,0.280319,-0.236298,-0.23784,-0.006967,0.153106,0.269326,-0.184509,0.269035,-0.785043,-0.066647,0.068331,0.768928,-0.608741,0.204366,-0.117595,-0.060665,0.047091,0.452869,-0.559849,-0.312466,0.098398,-0.00126,0.595071,-0.117008,-2.608434,-1.030941,0.851817,-1.562842,-0.649255,-0.431751,-0.05573,-3.229125,-0.842919,-1.886294,-2.033306,-0.18657,-3.082942,-0.34128,-0.614735,-0.496368,-0.663824,-0.648586,-3.658764,-1.077795,-3.124925,-3.543904,-1.611977,-4.177664,-2.306245,-3.092096,-4.331754,-1.481257,-1.604287,-0.990066,-0.754647,-1.67437,-1.239072,-1.038908,-1.964826,-1.382035,-0.946673,-1.057641,-0.585522,-0.812898,-1.380621,-0.204602,-0.196969,-0.180856,-0.665971,-0.16111
vol,1.395642,1.750488,0.763203,-0.130767,-0.40964,0.674821,-0.128644,-0.659751,-0.890737,-0.649978,1.523903,-2.109882,-2.741925,-1.04539,-3.610362,-3.663572,-0.766846,-2.02942,-1.28755,-0.840628,-1.023435,-1.995326,-0.251784,0.462691,0.196617,-1.131695,3.036934,0.566507,0.140326,0.29233,-0.447817,-2.122236,-0.583171,0.766695,-0.829425,0.430471,0.400699,-0.175209,0.590947,-0.674186,0.282917,-0.709028,0.12706,-3.18952,-4.629959,-2.543555,-3.67818,-2.181658,-0.216819,-2.494032,-1.774806,-1.495213,-1.119723,1.069884,2.180966,2.085677,0.749336,2.548167,1.251597,2.407127,1.021362,0.47348,0.624733,0.314294,1.980989,1.296894,1.559298,2.154933,1.545188,1.739639,-0.238968,0.874925,1.493724,0.258827,1.539262,0.013085,2.503568,0.155483,1.961603,-0.865099,1.473007,-0.906517,0.375272,1.528436,1.196227,0.129893,1.348236,2.092078,0.577427,0.598511,0.971992,1.473403,3.634654,-3.722053,-2.847659,-1.872467,-0.49791,-0.039617,-0.316135,0.519395,-1.815039,0.250041,-0.74391,-1.86842,0.499272,3.338884,-1.86245,-6.782756,-0.530101,-1.220615,-0.12601,-5.91022,-0.949804,-1.169918,0.762433,1.879335,-19.360479,-3.648106,-1.871889,-4.095449,-1.773696,2.256405,-5.641041,1.743931,-0.045367,1.934442,-2.103907,-0.240984,-1.808176,1.219602,-0.470887,-0.417847,0.780606,-1.968098,1.097549,1.884502,0.561286,-0.417726,0.943365
mil,-0.100262,-0.068012,-0.792856,-0.526301,-0.756944,-0.13354,-0.428832,-0.657885,-1.166348,-1.439365,-1.979132,-2.237951,-1.904183,-0.511868,-1.920316,-2.129859,-1.662913,-1.55901,-1.579245,-1.478314,-2.022462,-1.362416,-0.679312,-0.875381,-1.947567,-1.838139,0.047308,-0.272665,-0.105735,-0.270302,-0.279809,-0.172435,-0.313708,-0.068307,-0.537727,-0.292754,-0.616008,-0.504172,-0.08768,-0.72571,-0.106067,-0.48667,-0.024424,-1.257481,-2.175355,-1.468391,-0.327646,-2.841369,-1.042751,-0.603664,-0.733515,-1.577378,-2.103316,0.125591,0.106748,0.065801,-0.145964,0.004366,-0.107244,0.02652,-0.097193,-0.114325,-0.129495,-0.047197,0.185339,0.043966,0.156174,0.031975,0.579669,-0.071807,-0.409161,0.00997,-0.02653,0.069692,0.071517,-0.095586,0.023498,-0.157788,-0.064686,-0.072101,0.087696,-0.381264,-0.398614,-0.243744,-0.133082,0.023701,0.066924,-0.070782,-0.033695,-0.074921,-0.183844,-0.304848,-0.124435,-0.32603,-0.753355,-0.170019,-1.323756,-0.588549,-0.496882,0.756065,-2.490719,-0.48894,-1.191981,-3.45713,-0.050776,-1.175375,-0.619053,-0.810084,-0.755176,-0.817974,-0.807485,-4.007066,-1.030936,-2.797028,-2.89099,-1.159655,-7.970952,-3.255665,-2.691869,-3.022628,-0.548995,-0.524307,-1.161878,-1.16975,-1.931758,0.120541,-1.432869,-2.11915,-1.329093,-1.023017,-0.946199,-0.658112,-0.604665,-1.532917,-0.333057,-0.097558,-0.204684,-0.264374,-0.191307
pcr,0.7644,0.589278,-0.610429,-0.565192,-0.481054,-0.230846,-0.298569,4.332815,-0.266456,-0.453896,-0.613771,-1.691277,-1.360914,-1.595806,-0.398805,-1.776522,0.120359,-1.589258,-0.946173,-1.840865,-1.384556,-1.224055,-0.723045,-0.566204,-1.365335,-2.276025,0.08558,1.174397,0.037823,0.111559,-1.458302,-0.36929,0.047577,-0.627275,-0.299051,-0.175321,-1.376434,-0.075211,-2.333784,-0.372908,-0.698256,-0.221477,-0.246744,-1.720503,-2.139461,-0.5502,-0.263141,-0.813818,-0.680827,-1.316252,-0.444368,-2.378995,-1.905074,-0.596117,-2.857311,1.921305,1.478082,1.294887,0.917911,1.09657,0.212822,0.708462,0.047148,0.485996,0.602118,1.434845,1.347396,2.238568,-0.224534,1.678493,0.263847,1.362695,0.042729,0.300174,0.379072,0.400239,1.391823,-1.628536,-0.11385,0.602343,0.880362,-0.099298,-2.823518,-5.262338,0.086592,-1.071812,-2.01119,0.224545,0.403939,0.021879,0.501388,0.062379,0.80138,0.305984,-2.729819,0.724852,-0.22233,0.412258,-0.317821,0.689394,-0.548773,0.12184,-0.714852,-2.069247,-0.518076,2.115679,-2.191342,-0.893984,-0.325793,1.298083,-3.121809,-8.890422,0.864884,-3.940223,-2.369339,-0.592969,-5.047853,-5.290587,-6.209742,-1.941502,-1.879942,2.679949,-5.626614,0.992319,-1.834001,1.323032,-3.321381,-1.668462,-0.539486,-0.495234,1.296628,-0.548096,2.850085,-1.288304,4.468659,1.40825,0.010878,-0.066949,-1.924407
sgr,0.250303,2.255508,1.833145,0.033415,-1.306696,0.004565,0.13549,-0.190696,-1.412395,-1.056523,0.523062,-2.14426,-2.750935,2.348952,-6.233167,-2.660854,0.531626,-1.243374,-1.138138,-2.690185,-1.290621,-1.545153,-0.149443,-0.890969,-4.727855,-1.87036,0.090382,0.223403,-0.13969,0.166258,-0.080766,-0.181899,-1.158764,0.498392,-0.441467,-0.006305,-0.895975,-0.443321,-0.004617,-0.936417,-0.346667,-0.869547,-0.1518,-1.579461,-1.620163,-4.73587,-0.148591,-0.855195,-1.892987,-6.675643,-0.536434,-2.656236,-1.683332,0.521867,1.110835,1.391614,0.14461,0.661106,0.252775,1.255638,0.893679,0.600793,0.409214,0.328367,0.651956,0.494012,0.206025,0.277943,0.287207,1.930532,0.570197,0.164566,2.28349,0.021682,0.850376,0.522844,0.45764,1.366029,0.964464,-0.020054,0.591966,1.013841,0.888365,3.029162,0.593233,0.825705,0.476253,0.245497,0.274808,0.640903,1.200812,3.592037,0.727054,-0.063816,-1.75483,3.132377,-0.297226,-0.812168,1.58566,1.028311,-1.621054,2.771251,-1.07466,-1.200189,0.000507,1.894054,1.83523,-1.751239,-0.369693,0.495512,0.771222,-2.424453,-1.274223,-4.020875,-5.615336,-0.412718,-6.353563,-1.499581,-10.401569,-3.980252,-2.490996,0.077446,-0.91079,-2.106896,-1.101458,0.17643,-4.068096,0.107656,-0.669047,0.428791,-5.094303,-0.50215,-1.14289,-2.462147,0.835523,0.625478,0.225594,-0.599179,0.42484
ofd,-0.120968,0.277195,-0.368221,-0.347889,-0.54996,-0.114778,-0.645207,-1.701261,-1.236627,-1.210601,-0.933672,-1.73929,-1.765848,-1.781271,-1.825619,-2.166484,-2.310754,-1.606655,-1.184537,-2.215396,-1.835924,-1.660877,-1.628884,-0.966038,-2.176841,-2.519333,0.120909,-0.094527,-0.161775,0.208281,-0.200535,-0.641531,-0.444547,-0.007091,-0.644668,-0.074888,-0.769466,-0.671243,-0.210974,-0.697439,-0.189089,-0.684762,-0.228858,-1.614911,-2.473612,-1.657166,-0.557004,-1.789573,-0.715939,-0.95656,-0.591486,-1.435885,-1.686569,0.260424,-0.250589,-0.280582,0.036607,0.062532,-1.294651,0.139104,0.153813,-0.037201,-0.096546,-0.196351,0.409041,0.110316,0.172405,0.228988,0.791596,0.299777,-0.012227,-0.012396,-0.008035,0.103986,0.086106,-0.035404,0.172248,0.061079,0.013641,0.167648,0.582454,-1.378924,0.268177,-0.583834,-0.19841,0.014228,0.242316,-0.139269,-0.262055,0.07108,-0.019265,-2.13399,-0.671198,-0.361242,-1.468151,0.002657,-1.109928,-0.429254,-0.832686,0.192263,-1.407222,-0.823269,-1.192688,-1.360818,-0.245992,-0.85748,-0.93419,-1.195936,-0.917209,-0.418274,-1.062581,-3.337033,-1.896327,-1.914251,-4.600689,-1.561519,-6.796859,-1.847346,-4.454182,-4.657813,-0.747277,-0.243335,-1.083043,-0.793169,-1.425869,-0.475612,-1.595007,-2.814765,-0.828733,-1.723142,-1.154777,-0.806801,-0.404851,-1.774871,-0.158412,0.175757,-0.229619,-0.141439,-0.155424
b_t,-0.202511,0.069383,-0.537417,-0.335874,-0.508249,-0.076208,-0.116718,-0.488566,-0.763671,-1.113279,-1.194389,-1.964876,-1.562794,-1.716497,-1.215351,-1.698722,-1.095262,-0.942769,-1.136837,-2.14078,-1.43601,-1.387416,-0.540982,-0.820535,-1.425049,-1.820599,0.034804,-0.082182,-0.136902,0.013191,-0.118531,-0.214894,-0.382933,-0.015324,-0.39034,-0.242868,-0.510984,-0.223796,-0.168354,-0.417144,-0.082625,-0.457064,-0.204845,-1.061351,-0.989257,-1.98355,-0.179647,-0.803083,-0.583836,-0.519156,-0.475358,-0.990585,-0.862659,0.013725,-0.307098,-0.147378,-0.015119,-0.121503,-0.899981,0.010624,-0.03895,-0.133635,-0.030529,-0.060133,0.068552,-0.013843,0.08979,0.099524,0.116926,0.038136,-0.092786,0.020956,-0.111629,0.117746,0.012101,-0.083547,0.005115,-0.044681,-0.226906,-0.078155,0.183916,-0.566072,0.059101,-0.07412,0.025188,-0.051985,0.027887,0.046594,-0.13952,0.044946,-0.16426,-0.556784,-0.165742,-0.107868,-0.770802,-0.265329,-0.848979,-0.428093,-0.381464,-0.208081,-1.330341,-0.787813,-1.097574,-1.166326,-0.136483,-1.068123,-0.686201,-0.488001,-0.432408,-0.404577,-0.435342,-3.465786,-1.305321,-2.389503,-3.004018,-1.583188,-3.810035,-2.113523,-3.304589,-2.482298,-0.517857,-0.66767,-1.141323,-0.917834,-1.245197,-1.752585,-0.815234,-1.517442,-1.536804,-1.09163,-0.944782,-0.502451,-0.55421,-1.33372,-0.23657,-0.123653,-0.221326,-0.279472,-0.237526
tex,0.494239,0.191781,-0.282855,-0.531184,-0.271348,0.497841,0.514586,0.981762,-0.54747,-2.01191,-2.509918,-1.88657,-1.567107,-2.718318,-1.311465,-1.966516,-1.753563,-1.579048,-1.356031,-3.536068,-1.328774,-2.00547,-1.900663,-2.312734,0.231417,-1.111385,0.642657,0.297774,0.221389,0.249682,-0.063592,0.749988,-0.141399,0.245514,0.530178,0.170519,-1.630652,-0.062424,-0.241674,-0.00888,0.486637,-0.047574,0.562672,-0.35092,-2.002802,0.329596,-0.06078,-1.980015,-0.584627,-0.217624,-1.095068,-7.355219,-1.496851,0.796766,0.652078,0.155336,0.546879,0.807386,-1.820504,0.546368,0.398577,0.543017,0.14136,0.563682,0.77708,0.323187,0.345236,0.677266,0.90453,0.96482,0.68139,0.62038,0.467192,0.497739,0.450236,0.300774,0.72065,0.588308,0.624349,0.65007,0.397547,0.610619,0.158861,0.633884,0.622477,0.21923,0.698703,0.194455,0.216012,0.407219,0.358488,0.161713,0.053515,-0.992789,-0.519708,1.010847,-0.984451,-0.27592,0.387794,0.357218,-1.132444,-0.103761,-0.93785,-1.027579,0.248141,-0.432833,0.209229,-0.349846,-0.418205,0.158533,-0.067366,-2.682214,-2.350257,-3.244791,-4.510981,-1.304926,-11.428403,-1.509774,-6.55512,-8.478017,-0.168999,-0.410849,-2.187524,0.304062,-0.348007,-1.359248,-1.125545,-1.930778,-0.582794,-3.613036,-0.529368,-0.943751,-0.607572,-1.78432,0.56234,0.212419,0.190569,-0.11732,0.268487
wap,0.247147,0.033727,-0.298824,-0.348165,-1.256499,0.064565,0.119324,-0.255408,-0.842829,-1.546573,-1.912939,-2.318507,-2.136865,-2.488079,-1.741204,-1.66846,-3.399096,-1.162221,-0.828763,-2.57842,-0.696876,-2.076378,-1.792572,-0.595616,-0.305578,-1.444502,0.292664,0.129038,0.238741,0.21914,-0.000058,-0.038494,-0.185109,0.019936,-0.064908,-0.1083,-0.72843,-0.138245,-0.017565,-0.212431,0.250858,0.06694,0.23155,-0.979266,-2.122751,-1.088481,0.711792,-2.145466,-0.64852,-0.54767,-0.775595,-1.913692,-1.069023,0.396187,0.282392,0.245125,0.323643,0.26504,-0.902155,0.202618,0.231855,0.237183,0.188629,0.215674,0.390701,0.200523,0.129926,0.307804,0.474963,0.231773,0.269404,0.160609,0.129211,0.27995,0.159128,0.154822,0.405219,0.375987,0.40353,0.335927,0.150279,0.36625,-0.036683,0.127264,0.425639,0.30354,0.259055,0.008602,-0.161281,0.379632,0.169611,-0.835941,0.041266,-0.151335,0.016728,0.999568,-2.601884,-0.224456,-0.197614,0.083617,-2.225973,-0.999796,-2.011925,-2.277752,0.041212,-1.873435,-0.123521,-0.30743,-0.379847,0.326324,-0.251243,-3.167439,-1.106487,-2.380185,-2.461733,-1.575975,-3.971361,-1.775008,-4.077927,-3.112169,-0.470067,-0.745587,-1.098282,-0.363569,-0.060939,-1.668148,-1.004608,-1.569962,-1.227409,-0.547508,-0.441088,-0.523254,-1.095378,-1.07609,0.054668,-0.178201,-0.130067,0.133341,0.06888
lea,-0.467182,0.316945,-0.035578,-0.634435,-1.383583,0.260309,0.3259,1.146838,-1.250147,-3.903195,-1.396605,-1.60275,-1.909962,-3.270949,-2.032238,-1.800869,-4.557335,-1.151414,-0.755638,-3.67338,-1.966947,-2.859483,-2.450971,-1.012156,-0.990656,-1.600586,0.684396,0.483215,0.259034,0.227749,0.065372,0.362177,0.247927,0.474779,0.307716,0.110328,-0.251961,0.021579,-0.004301,-0.030999,0.533441,0.641812,0.114162,-0.8832,-2.275225,-0.619353,0.035164,-1.536381,-0.198216,-0.741735,-0.607657,-2.191883,-1.206505,0.638289,1.018619,0.496452,0.624117,0.661833,0.607224,0.452865,0.766616,0.688852,0.350596,0.588916,0.812085,0.538863,0.305583,0.336338,1.422666,0.521998,0.565402,0.444451,0.741633,0.710463,0.563821,0.550651,0.578204,1.183882,1.073472,0.437154,0.52727,0.985064,0.485085,0.519567,0.305213,0.692511,0.766416,0.221506,0.075811,0.684811,0.659019,-0.125145,0.509822,-1.397585,-0.970103,0.746252,-2.39369,0.27919,0.452637,0.434026,-2.968278,-1.544568,-2.538726,-3.371774,0.223491,-2.326661,-0.328621,0.143221,-0.170539,0.596758,-0.129904,-2.738842,-0.709798,-1.292386,-1.130876,-0.828579,-11.195227,-1.083878,-1.767133,-1.039297,-0.151631,-0.649049,-0.984961,0.012375,-0.601299,-2.005089,-0.931644,-1.822721,0.872047,0.295261,1.306414,-0.161558,-1.508283,-1.005245,0.09089,0.309051,0.239657,-0.31113,0.585626
lum,0.181096,0.020404,-0.395131,-0.368779,-0.770335,0.20899,0.158168,0.110355,-1.219484,-1.901524,-3.016686,-1.391028,-2.443028,-3.188277,-3.019736,-1.860702,-2.601846,-1.824977,-2.232006,-5.268298,-1.328677,-2.354812,-0.522924,-0.760442,-1.494686,-1.232454,0.286267,0.052079,0.25151,0.084712,0.031234,0.204338,-0.195568,0.259358,-0.223303,-0.040209,-0.611756,-0.152604,-0.034981,-0.214493,0.130493,-0.382134,0.001205,-3.015133,-2.49633,-1.615686,-0.235702,-2.414273,-0.761195,-1.410587,-0.803432,-4.194446,-1.860562,0.265283,0.315858,0.296776,0.177382,0.261964,0.450092,0.252857,0.071519,0.224026,0.242062,0.151649,0.336053,0.126048,0.249806,0.203613,0.309701,0.281066,0.082429,0.171199,0.199059,0.165273,0.180754,0.181645,0.221868,0.295975,0.173506,0.261255,0.099087,0.122672,-0.096113,0.015044,0.191287,0.152867,0.373791,0.180352,-0.043231,0.188022,0.027953,0.68373,0.039971,-0.426211,0.41368,0.489005,-1.611693,-0.199701,-0.0221,0.331156,-1.549582,-1.135221,-1.810388,-2.034966,-0.001924,-1.615433,0.662987,-0.957889,-0.40687,-0.315716,-0.284565,-2.719518,-0.697765,-1.004123,-3.773948,-1.02263,-3.337769,-1.830175,0.007839,-2.613106,-0.218351,-1.352515,-0.412447,-0.4087,-0.661307,-2.611743,-1.431232,-1.305251,-0.833491,-0.261026,-0.446738,-0.243994,-0.964502,-1.21739,-0.062119,-0.253029,0.033039,-0.256623,-0.086019
ppp,-0.050206,-0.182492,-0.484783,-0.408782,-0.853345,0.009266,0.037705,0.038627,-1.060137,-1.620731,-1.281976,-1.85845,-2.639507,-1.310466,-1.980267,-2.217017,-3.358723,-1.369438,-1.374897,-2.531949,-0.663192,-1.963135,-0.533223,-0.766457,-2.027834,-1.524734,0.076659,-0.066807,-0.027001,-0.05435,-0.111182,-0.166392,-0.197424,-0.012107,-0.170148,-0.097588,-0.887367,-0.187136,-0.204452,-0.321677,0.015965,-0.474942,-0.237072,-1.290607,-1.846121,-1.376062,-0.317665,-2.546022,-0.847453,-1.282326,-0.708551,-1.656539,-1.363944,0.043112,0.053302,0.089832,0.05895,0.005725,0.10658,0.10381,-0.029814,0.047755,0.038864,-0.015656,0.08356,0.024942,-0.086396,-0.015863,0.188171,-0.207081,-0.082242,0.017401,0.044595,0.056749,-0.041295,0.00763,0.072957,0.045613,0.060262,0.095112,0.065661,-0.040472,-0.060334,-0.065486,0.009985,-0.008838,0.209073,0.005297,0.002213,0.073392,-0.104822,0.018357,-0.008862,-0.355216,-0.158519,0.005283,-0.984438,-0.161533,-0.38255,-0.354543,-1.381342,-0.339054,-1.279927,-1.329968,-0.100993,-1.18337,-0.178809,-0.551214,-0.42764,-0.45186,-0.331647,-2.429876,-0.936515,-1.786911,-1.891867,-1.096445,-4.91512,-2.016731,-1.562078,-2.263281,-0.567009,-0.623711,-0.736186,-0.320228,-0.766559,-1.5891,-1.399606,-1.369457,-0.736838,-0.336401,-0.338873,-0.427505,-0.669464,-1.177534,-0.330605,-0.260581,-0.242281,-0.37055,-0.214518
p_c,0.056288,0.088517,-0.612214,-0.336706,-1.427445,0.077235,-0.053404,-0.833867,-0.671844,-0.93717,-0.698214,-3.231359,-1.614918,-2.106744,-1.032485,-1.818188,-0.855465,-0.973791,-1.359637,-1.551174,-1.000943,-1.189673,-1.484948,-0.611084,-1.430606,-1.186509,0.037609,0.017125,-0.127859,0.105595,-0.06103,-0.110899,-0.107728,-0.029263,-0.362458,-0.358277,-1.31108,-0.116177,-0.119562,-0.137947,-0.14388,-0.415582,-0.095448,-2.672883,-1.203629,-0.974162,-0.361244,-1.760648,-0.830834,-0.746654,-0.266891,-0.399877,-0.394387,0.063498,0.006284,-0.560403,0.069196,-0.008716,-0.293156,0.061001,0.076391,0.061455,0.384634,0.035533,0.112513,0.09172,-1.058556,-0.066382,-0.679883,-1.294898,-0.026992,0.057543,0.064392,0.064519,-0.935677,0.103755,0.00448,0.012458,0.102357,-0.09251,0.074907,0.080212,-0.024704,0.087958,0.064961,-0.045922,0.110558,-0.108601,0.04159,0.057702,-0.00256,0.051002,-0.087683,-0.396671,-0.089602,-0.534799,-0.299904,-0.192022,-0.233777,-0.20355,-0.708716,-0.412766,-1.643659,-0.801422,0.027857,-0.902665,-0.21707,-0.198985,-0.12595,-0.213499,-0.176474,-3.083611,-0.847083,-1.714115,-1.530376,-1.906057,-2.914676,-1.840469,-2.856298,-0.482177,-0.412959,-0.522415,-1.29238,-0.563617,-1.018034,-1.577112,-1.986234,-1.696854,-0.625391,-1.248483,-0.986076,-0.377164,-0.500852,-1.175556,-1.191131,-0.965098,-0.154276,-0.28462,-0.096018
crp,0.048375,-0.206245,-0.592285,-0.415317,-1.108963,0.064178,0.235209,0.485326,-0.622528,-1.911684,-4.855313,-6.76555,-2.496048,-0.493332,-2.317552,-2.842358,-1.244825,-1.282587,-1.791306,-3.261301,0.458632,-1.717619,-1.039799,-0.383286,-1.576422,-1.158244,0.165953,-0.034211,-0.042051,0.114035,-0.083544,0.013216,-0.177887,-0.055188,0.039016,0.078979,-0.97518,-0.032514,-0.176039,0.003255,-0.033344,-0.604449,-0.307942,-1.254905,-1.550976,-1.756116,-0.392765,-2.333092,-1.165886,-0.875628,-0.486675,-1.18171,-1.030336,0.046318,0.188137,0.052451,0.161399,-0.027768,0.036155,0.125155,-0.049143,0.088152,0.237698,0.152897,0.105372,0.00641,-0.241171,0.023429,0.042492,0.047682,0.354401,0.009731,0.224222,0.229728,-0.156852,0.08926,0.164014,0.14212,0.067339,0.434616,-0.007496,0.27294,-0.126617,-0.046931,0.031968,-0.01293,0.668195,0.066918,0.051889,0.258306,0.409883,0.470646,0.492436,-0.175802,0.210655,0.458719,0.08239,0.21999,-0.296654,-0.638763,-0.738799,0.095869,-1.397228,-0.500419,-0.13366,-1.062785,0.004071,-0.180345,-0.493572,-0.326454,-0.036978,-4.039242,-1.596114,-1.407626,-1.834369,0.024387,-6.245785,-1.694174,-1.452473,-1.22883,-0.309426,-0.320817,0.013269,-0.015594,-0.808314,0.244005,-1.507095,-0.820809,-1.140251,-0.327026,-0.2598,-0.21074,0.740916,-0.997017,-0.292756,-0.371568,-0.192975,-0.78108,-0.018765
nmm,-0.034131,0.02152,-0.50777,-0.33508,-0.467192,0.01187,0.094454,-0.35969,-1.050197,-1.549358,-1.027023,-2.157975,-2.474673,-2.715973,-2.231791,-2.717126,-2.322421,-1.255144,-1.367647,-3.073249,-0.791303,-1.929157,-0.195613,-0.772926,-1.689733,-1.502503,0.104916,-0.052162,0.011721,0.078238,-0.014803,-0.157264,-0.162417,-0.003284,-0.437297,-0.242499,-0.982892,-0.1217,-0.069494,-0.294114,-0.141269,-0.576147,-0.138746,-1.826188,-1.698349,-1.597039,-0.258375,-2.086687,-1.526117,-1.337045,-0.856195,-1.618826,-1.434673,0.024234,0.147407,0.237075,0.053573,0.071845,0.192037,0.107687,0.022364,0.065275,0.309454,0.053553,0.126761,0.071803,0.004375,0.168473,0.079638,0.124823,0.001691,0.046765,0.080964,0.145264,0.025661,0.109774,0.073082,0.095973,0.031161,0.054351,0.121317,0.096773,0.148667,0.304305,0.105217,0.021309,0.060727,0.061175,-0.05294,0.199453,-0.0359,-0.147867,-0.039064,0.24384,-0.241589,-0.143417,-0.522681,-0.300311,-0.402416,-0.382708,-0.953938,-0.619252,-1.204554,-1.221396,-0.064593,-1.194245,-0.337671,-0.467828,-0.149733,0.087208,0.271103,-3.270711,-1.086097,-2.261852,-2.815551,-0.940048,-3.067419,-2.152913,-2.144452,-1.880196,-0.605907,-0.430474,-0.54298,-0.087768,0.646389,0.584988,-1.454078,-1.181767,-0.974667,-0.601649,-0.680971,-0.424039,-0.258329,-1.000846,-0.21607,-0.17069,-0.245045,-0.331585,-0.146527
i_s,-0.088828,-0.619365,-0.745492,-0.331629,-1.477846,-0.149365,-0.08724,0.01156,-1.273243,-2.119544,-1.667552,-1.722766,-2.427988,-0.676229,-2.189597,-2.198054,-3.606336,-1.952107,-1.663748,-2.728853,1.084623,-2.002915,-1.120626,-0.647326,-1.483538,-1.312898,0.032944,-0.189342,-0.022586,-0.108961,-0.443754,0.162019,-0.028832,-0.152214,0.221129,0.154435,-1.431232,0.151472,-0.2983,0.313572,-0.119245,-0.738558,-0.535574,0.009901,-0.528679,-0.837805,-0.438344,-2.534725,-0.814321,-1.335402,-0.894025,-1.151783,-1.22189,-0.055837,-0.027893,-0.169666,0.031062,-0.107579,-0.046753,-0.033418,-0.161332,-0.057087,-0.198033,-0.023912,-0.056808,-0.081712,-0.220157,-0.23877,-0.180626,0.766229,-0.362452,-0.023775,-0.09671,0.04193,-0.123203,0.00651,0.005308,-0.032519,0.072059,0.237808,0.024946,0.15566,-0.284768,0.042168,0.037006,-0.196022,0.224012,-0.095044,-0.345338,0.200445,0.190765,-0.116537,-0.033172,0.543599,0.295668,-0.02348,-0.941313,-0.212235,-0.393394,-0.362285,-1.139244,-0.78403,-1.234932,-1.407943,-0.246243,-1.237468,0.627968,0.081398,-0.443261,-0.136051,0.110345,-1.7877,-0.283122,-0.916958,-1.891254,-1.317418,-4.970503,-1.37762,-0.657713,-1.899539,-0.955875,-0.456675,-0.953077,0.096838,-1.630525,-0.473331,-2.486662,-0.882532,0.042223,-0.714692,-0.068238,-0.397455,0.469806,-0.714056,-0.81882,-0.408755,-0.360624,-0.234157,-0.003761
nfm,-0.097277,-0.725172,-0.262792,-0.326097,0.058363,-0.159985,-0.080341,0.347798,-1.441509,-2.554294,-1.432211,-1.707902,-1.4786,-2.667302,-2.526441,-1.871541,-3.26046,-1.75739,-1.934525,-3.479852,-0.995464,-2.214331,-0.659181,-0.129588,-1.113336,-1.618033,-0.024108,-0.328365,-0.139245,0.162247,-0.637395,0.571836,0.215564,-0.159901,1.375824,0.532332,-1.685774,0.22644,-0.507722,0.696648,-0.234946,-0.358096,-0.163853,-1.38003,-0.878749,-0.678272,0.021501,-2.493712,-0.467505,-1.086477,-0.773102,-6.415054,-1.204961,-0.181459,-0.059713,0.156245,-0.14464,-0.198342,-0.00759,-0.14284,-0.285901,-0.187089,0.105571,-0.197355,0.406568,-0.315582,-0.354123,-0.135543,-0.30017,0.326461,-0.390997,-0.182471,-0.126113,-0.025965,-0.146911,-0.056634,-0.085377,-0.255519,-1.159301,0.220761,-0.466793,0.248954,-0.240514,0.206865,-0.02141,-0.222926,0.492459,-0.214525,-0.596693,0.23543,0.179071,-0.303491,0.039654,0.67866,0.450469,-0.208849,-0.549558,0.01302,-0.539775,-0.533058,-2.344457,-2.585257,-2.317289,-2.835141,-0.297629,-2.760271,0.640956,-0.218105,-0.573454,-0.308794,-0.225887,-0.924996,-0.512571,2.030727,0.512715,-0.152624,-4.430765,-0.363507,2.263312,-0.246993,-0.491279,-0.154306,-1.249152,0.690249,-0.135018,-0.628673,-1.942348,-0.444534,-0.019802,-0.945048,0.40614,-0.424072,0.560885,-0.984874,-1.439812,-0.216179,-0.574483,-0.862258,-0.391899
fmp,-0.019996,-0.109805,-0.531477,-0.294937,-0.84616,0.004051,0.059185,0.656012,-1.330171,-2.218975,-1.485393,-1.47751,-2.485881,-2.216228,-2.195124,-2.233746,-3.530497,-1.365315,-1.422538,-3.420034,-1.066411,-2.06432,-0.540855,-0.794835,-1.793974,-1.487324,0.116123,-0.062286,0.04977,0.035824,-0.183151,0.138913,-0.101198,-0.055659,-0.094832,-0.199961,-0.985426,-0.060456,-0.122259,-0.211574,0.037639,-0.483297,-0.125203,-1.887033,-1.855444,-1.934984,-0.226663,-1.884511,-0.831944,-1.105716,-0.816602,-2.61828,-1.420589,0.085036,0.144537,0.144601,0.084457,0.131451,0.235782,0.061856,-0.028796,0.05131,0.017997,0.029432,0.188221,0.020831,0.111894,0.05942,0.127961,0.139649,-0.069102,0.052158,0.051743,0.070139,0.055285,0.090752,0.071163,0.141233,0.219315,0.290719,0.113482,0.147665,0.138036,0.081664,0.114062,-0.068653,0.20413,0.045535,-0.155944,0.160084,0.097005,0.283429,0.069784,-0.192846,0.147176,-0.081633,-1.051033,-0.2143,-0.378047,-0.298724,-1.031581,-1.023261,-1.319744,-1.728374,-0.045935,-1.263931,-0.225014,-0.285316,-0.328062,-0.125423,-0.041737,-2.448543,-0.479001,-1.879417,-2.519286,-1.019242,-4.556857,-2.066646,-2.201706,-1.497134,-0.686833,-0.167465,-0.685251,-0.210458,-0.847207,-0.544722,-1.592137,-0.407371,-0.494662,-0.45978,-0.417213,-0.306799,-0.245075,-1.308996,-0.241886,-0.184733,-0.264998,-0.315458,-0.246821
mvh,-0.101127,-0.224931,-0.707573,-0.364043,-1.49252,-0.119117,-0.060693,0.177961,-0.970311,-2.133216,0.418606,-1.696879,-2.214639,-2.213051,-1.97719,-2.811227,-3.926383,-1.333,-1.630561,-2.796606,-0.519542,-1.990654,-0.237955,-0.843858,-1.841659,-1.474223,0.050032,-0.087119,0.038381,0.032731,-0.301451,0.01805,-0.111711,-0.145554,-0.242496,-0.148947,-0.996012,-0.020624,-0.307789,-0.38114,0.001867,-0.478499,-0.137266,-1.214705,-1.291503,-1.137472,-0.351026,-2.727516,-1.020851,-1.06328,-0.642062,-1.800946,-1.422872,0.032347,-0.011244,0.04286,0.05149,0.035702,0.230678,-0.049174,-0.040023,-0.028132,0.063039,0.043103,0.00135,0.020103,0.037593,0.091407,0.189905,0.119575,-0.103412,0.098586,0.024257,-0.009758,0.061587,0.053042,0.024606,0.044332,0.059013,0.09161,0.061279,0.113165,-0.324211,-0.024985,0.004038,-0.099524,0.163514,0.003719,0.145482,0.131907,-0.038186,0.227848,0.000119,-1.501502,-0.09045,-0.257722,-1.172163,-0.295189,-0.506666,-0.265378,-1.384494,-0.891095,-1.373078,-1.654568,-0.078758,-1.385983,-0.585127,-0.659397,-0.270217,-0.319855,-0.182381,-2.919514,-1.33416,-0.594481,-1.05323,-0.872063,-4.028867,-2.24429,-2.815276,-1.462193,-0.500977,-0.494158,-0.93113,-0.41487,-0.385697,-0.768346,-1.195442,-0.980034,-0.85689,-0.501586,-0.30729,-0.396622,-0.314926,-1.110385,-0.375215,-0.419117,-0.245154,-0.229507,-0.34011
otn,0.029836,-0.877949,-0.502144,-0.403314,-2.280127,-0.073153,-0.351264,0.753037,-1.379379,-2.384153,-1.868101,-1.125424,-2.11447,-1.801514,-2.200801,-2.586176,-4.547005,-1.973034,-1.773924,-2.824267,-0.606138,-2.165191,-0.331433,-0.758961,-1.115528,-1.0868,0.132278,-0.153532,0.087613,0.563443,-0.145067,0.439418,0.103384,-0.089591,0.18301,0.081121,-1.281529,-0.023508,-0.127824,0.586879,0.01957,-0.436975,0.082166,-1.6333,0.133006,-0.599433,-0.229296,-2.202783,-1.133063,-1.454579,-1.496885,-4.102842,-2.903276,0.14269,0.178972,0.076269,0.056702,0.047538,0.273228,0.089672,-0.158076,0.014689,-0.382584,-0.152586,-0.106214,-0.028134,-0.053354,-0.001174,0.438998,-0.00697,-0.081151,0.09621,0.124429,0.088558,0.018237,0.081676,0.026033,0.142207,0.21471,0.186279,0.059112,0.520665,-0.019801,-0.030075,-0.363874,-0.304125,0.555641,-0.042751,0.13927,0.099644,0.033397,0.256082,-0.028505,-0.687969,0.221867,-0.070423,-2.081183,-0.285962,-0.499294,0.071135,-2.669946,-1.616011,-2.408546,-3.188361,-0.155731,-2.22839,-0.305742,-0.481824,-0.467227,-0.139028,0.020215,-3.916412,-0.931262,2.321565,-0.819353,-1.660926,-4.068259,-2.048832,-1.207438,-0.579742,-0.590854,-0.390636,-0.897833,-0.309466,0.388672,-0.344772,-1.187073,-0.842376,-0.604952,-0.502105,0.019062,-0.351604,-0.377461,-0.403284,-0.120187,-0.680994,-0.241928,0.570461,-0.558249
ele,0.204929,-0.233044,-0.655533,-0.211663,-1.115401,0.110587,0.230707,0.787068,-0.948266,-2.677904,-2.59396,-2.022746,-1.006583,-1.942505,-2.032008,-1.66887,-2.869829,-1.257775,-1.166933,-2.879136,0.589403,-1.986041,-0.053566,-0.73873,-1.557574,-1.042339,0.18431,-0.003451,0.395422,0.030521,-0.013398,0.375217,-0.10728,0.040296,0.977852,0.204195,-0.936164,0.022219,-0.101479,0.972751,0.081298,0.121966,-0.032564,-1.556644,-1.440603,-0.395909,0.155007,-2.436756,-0.71482,-0.641385,-0.762316,-2.21903,-1.578753,0.103403,0.323723,0.386299,0.24109,0.196464,0.251209,0.185338,0.018112,0.216858,0.099308,0.064364,0.285568,0.075554,0.139594,0.147295,0.37097,0.428936,0.103271,0.265853,0.13023,0.177524,0.068657,0.202989,0.154797,0.331842,0.257006,0.740537,0.113303,0.593427,-0.210395,0.068701,0.20256,0.295118,0.584186,0.209658,0.130367,0.225745,0.122934,0.307202,0.055584,-0.84479,0.097228,0.00348,-0.881341,-0.094253,-0.488955,-0.180065,-1.368745,-0.488346,-1.409818,-1.57511,0.02531,-1.044404,0.098624,-0.500305,-0.261076,0.062137,-0.021261,-3.234475,-1.096238,0.8552,-0.83489,0.113618,-3.774283,-0.850336,-1.22816,-0.591177,-0.372979,-0.383802,-0.827186,-0.253562,0.020419,-0.410392,-0.858173,-0.834421,-0.802176,-0.317655,-0.329151,-0.357709,-0.217858,-1.115981,-0.402855,-0.248951,-0.167699,-0.411671,-0.30885
ome,-0.048164,-0.349886,-0.792293,-0.302093,-2.333207,-0.043121,0.07292,0.835488,-1.46823,-3.004459,-1.133819,-2.063508,-2.076949,-2.055271,-2.601858,-2.18425,-4.091863,-1.523264,-1.640535,-3.29634,0.221817,-2.135225,-0.30769,-0.770542,-1.287528,-0.995562,0.111912,-0.106705,0.075024,0.01708,-0.351507,0.300646,0.074997,-0.144232,0.417352,0.312825,-1.24473,0.036412,0.009529,0.254617,0.120701,-0.203783,-0.116648,-1.028385,0.112145,-1.170358,-0.155261,-3.540283,-0.607176,-1.336866,-0.913578,-13.371643,-1.833061,0.086337,0.162024,0.267911,0.083946,0.128695,0.30791,0.002871,-0.064723,0.017448,-0.033946,0.00387,0.200111,0.001682,-0.003631,0.03175,0.152337,0.139474,-0.143053,0.083202,-0.014212,0.076708,0.056343,0.088675,0.053591,0.160303,0.250261,0.421199,0.012367,0.456772,-0.452848,-0.182177,0.044897,-0.02468,0.256407,-0.004903,-0.065422,0.118188,0.251216,0.210057,0.109494,-0.67753,0.084462,-0.213528,-1.075234,-0.006375,-0.49147,-0.191022,-1.561371,-0.176383,-0.478935,-1.326534,-0.108755,-0.831484,0.045777,0.269441,-0.204576,-0.311275,0.026973,-2.500883,-1.305481,0.014327,-2.290808,-0.709843,-4.133322,-2.209857,-1.242168,-1.179659,-0.519908,-0.309395,-0.884452,0.028349,-0.010802,-0.693939,-1.132066,-0.927207,-0.645846,-0.405144,-0.193111,-0.403371,-0.081416,-1.087772,-0.806305,-0.324777,-0.223675,-0.543989,-0.392906
omf,0.090661,-0.024046,-0.508737,-0.393278,-0.456936,0.0607,0.041884,0.52414,-1.346848,-2.116162,-4.87149,-1.945054,-1.810795,-2.147454,-2.644792,-2.34604,-2.800066,-1.125278,-1.276172,-2.805039,-0.652112,-1.988413,-0.907101,-0.298458,0.120222,-0.864237,0.159322,0.014518,0.090062,0.120488,0.033755,0.279286,-0.211693,0.279758,-0.215212,-0.228551,-0.824041,-0.221403,0.003539,-0.249845,-0.033446,-0.43053,-0.0994,-1.848341,0.477995,-2.474993,-0.128187,-2.214656,0.267027,0.154509,-0.534463,-2.080445,-1.542706,0.162856,0.53579,0.166238,0.125203,0.20822,0.240887,0.087766,0.04812,0.104752,0.09991,0.053503,0.197315,0.057789,0.034381,0.115707,0.292775,0.202087,-0.039713,0.054278,0.030684,0.126236,0.069551,0.090573,0.082821,0.15329,0.336593,0.23703,0.195483,0.608719,-0.100203,-0.734224,0.059801,0.019883,0.194555,0.129947,0.170292,0.112517,-0.00354,0.313635,0.231682,-0.795242,0.430683,0.222077,-1.549399,-0.189932,0.400646,0.353372,-1.42917,-0.26366,-1.832114,-1.599761,0.082612,-1.802283,0.692644,-0.321503,-0.438203,-0.15706,-0.304044,-1.649176,-1.103196,-2.094142,1.203899,-0.72324,-7.791616,-1.7822,-2.014045,-1.48836,-0.671115,-0.428647,-0.706068,-0.061509,-0.790962,-0.021238,-1.7775,-0.367111,-0.489417,0.102279,1.66478,-0.253393,-0.503787,-1.178307,-0.432292,-0.126934,-0.183364,-0.194778,-0.145535
ely,-0.044218,-0.043226,-0.14982,-0.323527,-0.572083,0.01383,0.056958,-0.413512,-0.870194,-1.507638,-0.812862,-1.994544,-1.9604,-1.715939,-1.805257,-2.221856,-1.572095,-1.33959,-1.387945,-2.693986,-0.8977,-1.542266,-0.420302,-0.783445,-1.796564,-1.075505,0.031646,-0.031118,0.004521,0.065076,0.012373,-0.135277,-0.158655,-0.1274,-0.396671,-0.12732,-1.036149,-0.077078,-0.030275,-0.141672,-0.032668,-0.473396,-0.138815,-1.233832,-1.302924,-1.076045,-0.302785,-1.219247,-0.836244,-0.780403,-0.649614,-1.48684,-1.078694,0.019615,0.042633,0.058912,0.037898,0.064495,0.035583,0.052405,-0.014531,0.040388,0.1221,0.015788,0.133045,0.073509,0.029716,0.010603,-0.055754,0.122187,0.19423,0.049659,0.059404,0.070875,-0.027077,0.040283,0.019503,0.051886,0.03599,0.082186,-0.180987,-0.092111,0.032437,0.018514,0.249897,-0.012425,0.089828,0.026153,0.147825,0.097113,-0.009901,-0.217322,0.11625,-0.058982,-0.329358,-0.142296,-0.507225,-0.133063,-0.335356,-0.209002,-0.690448,-0.618367,-1.111547,-0.952918,-0.03625,-1.13986,-0.384246,-0.564848,-0.258794,-0.292852,-0.345067,-2.739471,-1.011458,-1.875436,-2.425116,-1.378991,-3.94238,-2.187294,-2.459931,-2.270563,-0.508385,-0.564586,-0.776413,-0.726111,-0.989825,-0.77169,-0.993156,-1.257858,-1.008913,-0.675234,-0.614695,-0.502615,-0.197489,-1.336825,-0.478184,-0.357763,-0.045881,-0.391688,-0.161003
gdt,-0.05848,-0.052429,-0.325369,-0.135532,-1.326855,-0.034806,0.185213,-0.373122,-1.102287,-3.888373,-3.471533,0.176254,-2.051149,-2.19626,-1.86923,-2.224281,-1.792612,-1.295896,-1.413024,-2.533316,-0.785038,-1.449202,-0.438726,-0.78713,-1.784929,-0.089981,0.004705,-0.055239,-0.008132,-0.016394,-0.072628,-0.078282,-0.1447,-0.170594,0.535616,0.101586,-0.67151,-0.062512,-0.299683,0.146367,-0.125309,-0.48196,-0.304675,-1.362615,-1.175732,-1.448435,-0.086549,-2.328753,-0.750634,-0.489816,-0.85048,-1.537115,-1.223868,0.062974,0.167637,0.084653,0.151302,0.082425,0.004444,0.080841,-0.034685,-0.018057,0.206052,0.047056,0.036965,0.074524,0.050662,0.103776,0.022496,0.136579,0.037442,-0.055487,0.173568,0.144487,0.134277,0.387425,0.166345,0.034404,0.096523,0.086775,-0.127096,-0.084292,0.058716,0.136423,0.045622,-0.006112,0.095971,0.04639,-0.505115,0.05943,-0.024022,0.20152,-0.086019,0.01763,0.289592,0.349786,-0.716102,-0.039398,-0.340641,-0.262283,0.108476,-0.062807,-0.970477,0.316252,-0.191798,-1.302961,-0.261818,-0.259447,-0.231501,-0.290129,-0.306168,-3.389109,-0.94724,-1.872699,-2.39776,-0.220535,-3.826239,-2.188946,-2.189327,-0.030987,-0.475792,-0.460181,-0.673256,-0.797185,-0.540837,-0.56636,-1.052265,-0.692357,-0.320831,-0.653299,0.26488,-0.02559,0.137126,-1.044141,-0.484312,-0.280281,0.592973,-0.522607,-0.182748
wtr,-0.042434,0.17338,-0.430219,-0.352877,-0.677394,-0.009876,0.058223,-0.439543,-0.993893,-1.26478,-1.834785,-1.948465,-2.033259,-2.023095,-1.738537,-2.211739,-1.565863,-1.424856,-1.295152,-2.25339,-1.225974,-1.767026,-0.242812,-0.916936,-1.812027,-1.450522,0.040523,-0.0447,-0.002749,-0.034604,-0.033817,-0.267951,-0.227266,-0.039991,-0.496723,-0.255494,-0.715295,-0.111689,-0.086334,-0.369159,-0.073461,-0.456441,-0.10564,-1.344036,-1.639172,-1.319131,-0.374849,0.511547,-0.861825,-0.868643,-0.738064,-1.271454,-1.075671,0.035783,0.008089,0.010848,0.083232,0.017482,-0.065427,0.043651,0.05497,0.062513,0.096747,0.035318,0.086837,0.064526,0.024248,0.050964,0.042253,0.026966,0.172241,0.047513,0.009441,0.08902,-0.003636,0.072357,0.023783,0.058814,0.025389,-0.029416,0.051225,-0.065348,0.166291,-0.004131,0.035471,0.008142,-0.079647,0.046191,0.212661,0.107718,-0.064728,-0.210562,-0.051872,-0.380894,-0.238823,-0.245326,-0.698659,-0.087348,-0.110319,-0.370371,-0.788886,-0.591642,-1.150813,-1.051236,0.005072,-1.224862,-0.433543,-0.559984,-0.486289,-0.38097,-0.415033,-2.540841,-1.167788,-1.902604,-2.89508,-1.549629,-3.57744,-2.080087,-2.522395,-2.487841,-0.497125,-0.500874,-0.808377,-0.841035,-0.997515,-0.770791,-1.074082,-1.135276,-1.124444,-0.586383,-0.668588,-0.403231,-0.492762,-1.398158,-0.25675,-0.176945,-0.286583,-0.397955,-0.155282
cns,-0.064902,0.15194,-0.571319,-0.33469,-0.603407,0.048896,0.087981,-0.53586,-0.948765,-1.696094,-0.8753,-2.183793,-2.565877,-2.613847,-1.973629,-3.128229,-1.868084,-1.250423,-1.270268,-2.723515,-1.471687,-2.005812,-0.133758,-0.939265,-1.965579,-1.893662,0.1135,0.018473,0.034771,0.050572,0.110798,-0.205199,-0.222024,0.001509,-0.645374,-0.292954,-0.862331,-0.144401,0.005784,-0.394199,-0.051778,-0.575022,-0.064671,-1.77914,-1.951715,-1.737235,-0.275692,-0.930374,-1.140883,-1.103225,-0.8369,-1.05071,-1.437007,0.145047,0.072828,0.100112,0.160157,0.092907,0.042824,0.17162,0.133852,0.102276,0.25922,0.145265,0.100117,0.186797,0.154393,0.221419,0.150867,0.141236,0.101225,0.113925,0.141529,0.21868,0.075375,0.128778,0.10216,0.08524,0.052664,-0.007385,0.168146,-0.095187,0.366737,0.074919,0.142155,0.119215,0.011112,0.231739,0.473167,0.213508,-0.081619,-0.382517,-0.056409,-0.624308,-0.339333,-0.383535,-0.689023,-0.325362,-0.3459,-0.371181,-0.774366,-0.556876,-1.147561,-1.088842,0.132441,-1.248323,-0.402697,-0.519361,-0.074714,-0.221576,-0.278778,-3.172695,-1.356679,-2.830317,-3.215478,-1.360255,-1.877651,-2.483956,-4.0137,-3.178397,-0.529775,-0.423413,-0.725433,-0.961078,-0.972194,-0.610914,-1.199,-1.256004,-0.968921,-0.596542,-0.890189,-0.336731,-0.576885,-1.637952,-0.145182,-0.060484,-0.223303,-0.267354,-0.139582
trd,-0.107168,0.026076,-0.512332,-0.40187,-0.510675,-0.023185,-0.027132,-0.487532,-0.883668,-1.399088,-0.842063,-2.347833,-2.133371,-2.345919,-1.864664,-2.620271,-1.043848,-1.337647,-1.481242,-2.616535,-1.066582,-1.976909,-0.683774,-0.860542,-2.124575,-1.966212,0.028524,-0.056424,-0.032041,-0.067071,-0.023598,-0.195115,-0.241798,-0.042166,-0.569873,-0.016636,-0.670486,-0.241907,-0.028413,-0.45992,-0.043255,-0.488203,-0.007594,-1.313705,-1.272932,-1.05392,-0.145791,-1.944947,-0.909793,-0.837914,-0.571143,-0.99345,-1.108986,0.021619,-0.063441,-0.030512,0.06148,-0.020238,-0.074096,0.015479,0.00181,0.001484,0.117548,0.026329,0.009867,0.031155,0.046079,0.121616,0.043908,-0.018008,-0.019342,0.014474,-0.005042,0.09662,-0.00847,0.003142,-0.009283,0.000965,-0.001219,-0.012815,0.05245,-0.124367,0.089834,0.002243,-0.02461,-0.025802,-0.043641,0.077759,0.263767,0.098347,-0.265823,-0.357194,-0.098924,-0.523945,-0.52433,-0.08465,-0.825844,-0.372825,-0.434125,-0.412689,-1.010689,-0.737602,-1.094777,-1.215375,-0.013547,-1.213862,-0.509577,-0.707606,-0.394733,-0.369528,-0.364041,-4.63299,-1.305923,-1.993986,-1.733906,-1.039671,-3.637664,-2.160531,-1.967918,-3.146344,-0.401664,-0.572906,-0.931597,-0.219887,-0.47862,-0.863103,-0.031673,-1.117611,-0.761446,-0.635004,-1.162595,-0.379183,-0.675054,-1.563828,-0.233693,-0.244021,-0.197765,-0.355558,-0.253358
otp,-0.073386,-0.08214,-0.35962,-0.357713,-0.532558,-0.002431,-0.100762,-0.340222,-0.743742,-0.989658,-0.600443,-1.327029,-1.657949,-1.635332,-1.285928,-1.957686,-0.427637,-0.861134,-0.769494,-2.395476,-1.351616,-1.650766,-0.417176,-0.797248,-1.517598,-1.391405,0.024391,-0.049675,-0.05977,0.004179,-0.087839,-0.186166,-0.203822,-0.045487,-0.351274,-0.168742,-0.503247,-0.178196,-0.193453,-0.319982,-0.124121,-0.520388,-0.037865,-0.947686,-0.973046,-0.78512,-0.174297,-1.144769,-0.502322,-0.326413,-0.43127,-0.588284,-0.523778,-0.128328,-0.13228,0.120737,-0.057464,-0.117722,-0.075757,0.06142,-0.006205,-0.027603,0.479163,-0.036496,0.016566,0.058331,-0.122251,-0.153903,-0.047142,0.060188,-0.103593,-0.057283,0.003412,-0.045924,-0.141421,0.008088,-0.029948,0.00757,-0.058083,-0.042934,0.032109,0.049111,-0.098534,-0.138413,-0.015752,-0.080023,-0.026953,-0.099125,-0.126412,0.058572,-0.098319,0.175635,-0.080812,-0.096741,-0.338377,-0.20407,-0.414433,-0.233934,-0.345761,-0.41252,-0.751558,-0.422747,-1.034984,-0.755415,-0.035425,-1.028679,-0.323567,-0.300055,-0.43211,-0.357673,-0.341542,-2.093021,-0.82561,-1.926358,-1.260554,-1.044687,-2.820023,-1.456319,-2.723342,-1.737848,-0.375956,-0.395371,-0.717211,-0.64619,-1.060672,-0.761598,-0.301911,-1.199132,-0.950537,-0.311343,-0.605202,-0.427918,-0.383431,-1.236696,-0.185782,-0.209107,-0.199408,-0.364952,-0.186033
wtp,-0.147218,-0.495498,-0.362825,-0.371987,-0.525971,-0.308199,-0.31427,-0.388744,-0.414473,-0.843244,-0.328216,-1.460274,-2.049079,-1.813392,-1.035626,-1.808129,-0.577045,-0.74008,-0.687278,-1.91525,-1.325502,-1.069371,-0.683255,-0.709453,-0.373034,-0.746245,-0.253087,-0.119675,-0.156897,-0.282488,-0.562262,-0.189619,-0.248667,-0.326534,-0.23794,-0.235027,-0.434982,-0.298117,-0.113103,-0.178952,-0.31,-0.47357,0.182398,-0.564573,-0.708609,0.341531,-0.133302,-0.915247,-0.482421,-0.289227,-0.373743,-0.68239,-0.582827,-0.332784,-0.341462,0.034575,-0.18657,-0.225761,-0.230379,-0.290676,-0.198753,-0.355412,0.348973,-0.154061,-0.22885,-0.275222,-0.362405,-0.271375,-0.28651,-0.532211,-0.312866,-0.41375,-0.236101,-0.089093,-0.373433,-0.309257,-0.332302,-0.369124,-0.162383,-0.266502,-0.32899,-0.105828,-0.285494,-0.219221,-0.08042,-0.34665,-0.08888,-0.36171,-0.029311,0.059056,-0.091486,-0.027963,-0.257827,-0.149188,-0.309972,-0.065208,-0.494457,-0.052872,-0.36796,-0.505467,-0.569009,-0.437996,-0.729463,-0.674339,-0.0802,-0.695268,-0.339761,-0.528189,-0.446638,-0.370912,-0.193142,-1.68409,-0.621912,0.062368,-0.204724,-0.907277,-1.725213,-1.45113,-0.214492,-1.245899,-0.351984,-0.336837,-0.618089,-0.383158,-0.908077,-0.573264,-0.157653,-0.783177,-0.913509,-0.292803,-0.10277,-0.414942,-0.295459,-1.239537,-0.353238,-0.265589,-0.26287,-0.345667,-0.385431
atp,-0.062747,-0.071187,-0.272751,-0.394845,-0.529401,-0.171954,-0.213471,-0.36632,-0.431673,-0.872004,-0.616209,-1.055264,-1.361795,-1.732551,0.115539,-1.212039,-0.355266,-0.783599,-0.641137,-2.34773,-1.020851,-1.753265,-0.604682,-0.783075,-1.499515,-0.870975,0.010577,-0.098868,-0.175834,-0.135089,-0.230651,-0.103181,-0.198174,-0.259307,-0.27303,-0.100869,-0.53425,-0.223772,-0.12269,-0.300521,-0.289582,-0.259712,0.086177,-0.838819,-0.616629,0.396695,-0.050078,-1.186307,-0.555923,-0.088079,-0.29514,-0.3086,-0.626521,-0.106455,-0.140858,-0.132189,-0.104458,-0.098532,-0.080558,-0.045449,-0.15342,-0.051928,0.459041,-0.137363,-0.088338,-0.027599,-0.099448,-0.113398,-0.030024,0.098006,-0.143095,-0.12628,-0.063763,-0.161755,-0.20206,-0.110719,-0.137848,-0.004703,-0.126053,-0.00409,-0.128364,-0.018801,-0.558926,-0.079349,-0.023436,-0.13784,-0.045255,-0.212834,-0.362583,0.015337,-0.141923,0.100813,-0.242342,0.305464,-0.281728,0.014479,-0.382327,-0.180463,-0.337445,-0.378199,-0.733701,-0.255182,-1.043095,-0.713045,-0.241105,-0.929605,-0.255798,-0.572552,-0.476035,-0.219343,-0.11807,-1.911886,-0.746445,-0.85887,-1.110556,-1.122268,-2.481198,-0.684619,-1.163361,-1.229187,-0.470223,-0.525918,-0.633607,-0.165365,-0.916674,-0.361679,-0.250505,-1.104845,-1.003064,-0.239756,-0.624249,-0.427253,-0.208217,-0.766023,-0.283474,-0.304053,-0.196059,-0.430101,-0.093404
cmn,-0.091873,0.009771,-0.365442,-0.340647,-0.494994,-0.013544,-0.01018,-0.443883,-0.756095,-1.121329,-0.723171,-1.313654,-1.571607,-1.400219,-1.22808,-1.921061,-0.892415,-1.176198,-1.064524,-2.341472,-0.764072,-1.63257,-0.267751,-0.846365,-1.636225,-1.687571,0.007521,-0.061659,-0.064998,-0.127024,-0.038367,-0.186615,-0.214988,-0.053165,-0.441338,-0.262017,-0.596616,-0.178182,-0.079153,-0.34903,-0.072056,-0.426491,-0.093915,0.73885,-1.187061,-0.18785,-0.259826,-0.650767,-0.724175,-0.427926,-0.531696,-0.734695,-0.689396,-0.00286,-0.031724,-0.010469,0.04285,-0.039004,-0.007215,0.023685,-0.017126,0.016778,0.043463,0.007949,-0.026432,0.030817,0.018064,0.054524,-0.002834,-0.074445,-0.033241,0.020115,-0.005861,0.063113,-0.045448,0.00926,-0.01201,-0.002738,0.000121,-0.020103,0.021968,-0.074532,0.081479,-0.001283,-0.038656,-0.019442,-0.036808,0.035237,0.037785,0.044238,-0.123441,-0.164493,-0.066714,-0.081911,-0.470412,-0.218341,-0.687149,-0.265423,-0.412672,-0.37796,-0.930723,-0.64872,-1.074537,-1.119896,-0.031031,-1.116647,-0.467717,-0.582902,-0.324226,-0.320278,-0.250264,-2.661728,-1.09088,-0.978615,-2.303288,-1.025823,-3.109004,-1.877458,-1.960931,-1.904629,-0.537703,-0.568177,-0.911255,-0.517638,-1.112057,-0.912481,-0.68931,-1.125573,-1.033995,-0.580279,-0.770181,-0.50607,-0.493497,-1.317938,-0.2676,-0.210708,-0.269078,-0.391947,-0.241607
ofi,-0.073717,0.034616,-0.370287,-0.366147,-0.485284,-0.010911,0.003878,-0.404442,-0.842229,-1.318682,-0.666103,-2.097521,-2.028623,-1.745576,-1.471479,-2.501946,-0.586421,-1.241374,-0.903787,-2.007233,-1.32691,-1.806462,-0.58407,-0.805443,-1.812222,-1.173351,0.01756,-0.078763,-0.061795,-0.161173,-0.046277,-0.283251,-0.217429,-0.059614,-0.488828,-0.358366,-0.662955,-0.16682,-0.06667,-0.214737,-0.075578,-0.355663,-0.08742,-1.322865,-1.502492,-0.842721,-0.302435,-0.302927,-0.781625,-0.633789,-0.535772,-0.857666,-0.741435,-0.00504,-0.031505,-0.012941,0.06644,0.009813,-0.007928,0.026615,0.019196,0.007352,0.028736,0.019441,-0.050416,0.047127,-0.009319,0.019858,-0.032868,-0.081776,-0.003021,0.02513,0.027995,0.070435,-0.021666,-0.002119,0.008984,-0.028737,-0.033234,0.01349,-0.017563,-0.090458,0.168935,0.022949,-0.096311,-0.049314,0.024961,0.023979,0.167505,0.053928,-0.069251,0.068049,-0.033776,-0.413964,-0.25788,-0.211564,-0.680027,-0.214061,-0.395514,-0.370055,-0.924104,-0.746965,-0.916001,-1.155553,-0.025525,-1.074368,-0.499443,-0.650352,-0.25258,-0.45933,-0.52667,-2.79531,-0.945731,-1.716066,-2.683659,-1.677274,-4.447763,-2.398453,-2.708262,-1.916792,-0.444356,-0.303512,-0.779982,-1.21844,-1.20679,-0.679514,-0.775433,-1.425107,-0.984792,-0.592003,-0.61657,-0.482397,-0.435591,-1.09864,-0.315958,-0.202229,-0.297561,-0.411069,-0.24412
isr,-0.116855,0.000928,-0.354728,-0.381746,-0.564666,-0.024529,-0.000041,-0.372329,-0.693528,-0.962619,-0.676781,-1.882213,-1.486011,-0.524542,-1.06359,-2.072628,-0.805569,-1.200319,-0.571522,-1.935368,-0.669659,-1.670203,-0.249773,-0.77938,-0.438472,-1.543603,-0.012771,-0.094883,-0.080138,-0.200384,-0.08584,-0.076537,-0.228712,-0.114297,-0.422746,-0.273988,-0.401976,-0.133105,-0.117529,-0.204406,-0.069877,-0.406388,-0.07377,-0.900009,-1.222881,-0.778548,-0.184444,-0.16686,-0.610169,-0.481934,-0.467952,-0.617911,-0.219214,-0.022215,-0.032666,-0.017617,0.01203,-0.115768,-0.041179,0.051663,0.01311,-0.013887,-0.070421,0.041572,-0.166765,0.012308,-0.028816,0.011848,-0.05742,-0.048618,0.011828,0.065875,-0.009726,0.053094,-0.090596,-0.030389,-0.054301,0.002915,0.008939,-0.007892,0.008122,-0.068184,-0.053612,0.00336,-0.162077,-0.07124,-0.02322,0.001148,0.092439,0.027691,-0.087362,0.272232,-0.007052,-0.034992,-0.241894,-0.000632,-0.223948,-0.053379,-0.415881,-0.335809,-0.764299,-0.619129,-0.724528,-0.756473,-0.262943,-0.661989,-0.147642,-0.57763,-0.283585,-0.248504,-0.065422,-2.437175,-0.439505,-0.615164,-1.468081,-1.286503,-3.791475,-2.092989,-1.73753,-0.77782,-0.389391,-0.399809,-0.779544,-1.115322,-0.948399,-0.685342,-0.701238,-1.248345,-1.005468,-0.241484,-0.381204,-0.45426,-0.406645,-0.989056,-0.293037,-0.214706,-0.280139,-0.426495,-0.277032
obs,-0.086674,0.022669,-0.390409,-0.360135,-0.51663,-0.013184,-0.014559,-0.451201,-0.753207,-1.420085,-0.759806,-2.139249,-1.707616,-1.658467,-0.877485,-1.499439,-0.863723,-0.998976,-0.799634,-2.092966,-1.20246,-0.869733,-0.653112,-0.654437,-1.116766,-0.99149,-0.000621,-0.078724,-0.041807,-0.20116,-0.051354,-0.133686,-0.206265,-0.071877,-0.468421,-0.18345,-0.580677,-0.155304,-0.163878,-0.26923,-0.092048,-0.415027,-0.122221,-1.131306,-1.958055,-0.970221,-0.17164,-0.764385,-0.698291,-0.493629,-0.442466,-0.833778,-0.648517,0.014548,-0.010161,-0.015898,0.042056,-0.009703,-0.014925,0.011619,0.022492,0.018168,0.081914,0.011494,-0.098656,0.050482,-0.058687,0.081363,-0.017747,-0.168506,-0.04075,0.035809,0.014797,0.08458,-0.042828,-0.009857,-0.001658,-0.001829,-0.007174,0.009041,0.001961,-0.266216,0.792944,-0.168332,-0.025403,-0.034594,-0.0004,0.016302,0.109852,0.047398,-0.044368,-0.042907,-0.049403,-0.282482,-0.266363,-0.12078,-0.680257,-0.146506,-0.394871,-0.436537,-0.853711,-0.603221,-1.013549,-1.102912,-0.05274,-0.94221,-0.130036,-0.293541,-0.30662,-0.444668,-0.300387,-2.59801,-1.157204,-1.683924,0.363464,-1.056813,-3.467387,-2.266372,0.251871,-1.741457,-0.476117,-0.361273,-0.929099,-0.743194,-1.120535,-0.86317,-0.492688,-0.964788,-1.149279,-0.653088,-0.73948,-0.641826,-0.347447,-1.7167,-0.276516,-0.174663,-0.293043,-0.37176,-0.228719
ros,-0.120023,-0.080104,-0.39397,-0.414172,-0.509096,-0.017973,-0.020117,-0.563364,-0.764314,-0.979562,-0.534391,-2.149088,-1.859331,-2.426315,-0.24498,-2.442628,-0.86812,-1.224336,-1.138414,-2.981802,-1.889702,-1.444679,-0.39413,-1.309985,-1.914833,-1.941586,-0.015869,-0.078298,-0.078966,-0.079542,-0.054956,-0.336554,-0.290719,-0.085329,-0.477601,-0.190999,-0.719889,-0.261729,-0.092607,-0.318363,-0.089455,-0.44703,-0.222235,-1.092349,-1.733895,-0.803904,-0.410497,-1.80506,-0.804198,-0.511482,-0.51676,-0.572844,-0.713013,-0.01013,-0.048806,-0.037877,0.042259,-0.051631,-0.076943,0.015881,-0.02149,0.020728,0.018014,-0.040113,-0.024052,0.022969,-0.010623,0.04182,-0.105902,-0.089227,-0.001511,0.036812,-0.049549,0.016592,-0.037756,-0.067006,-0.025334,-0.002578,-0.0256,-0.021231,-0.016281,-0.044309,-0.034426,0.03595,-0.093873,-0.114899,-0.076382,-0.00033,0.171982,0.055377,-0.230056,0.084621,-0.091576,-0.055021,-0.46285,-0.232312,-0.732891,-0.344539,-0.405759,-0.430849,-0.963704,-0.678857,-1.066855,-1.166028,-0.096854,-1.122886,-0.546178,-1.039391,-0.422052,-0.843748,-0.909152,-4.113242,-1.606663,-3.676322,-4.052355,-2.201048,-6.187627,-2.920533,-4.659423,-3.38452,-0.612825,-0.667483,-1.36899,-1.005112,-1.781056,-0.679311,-0.368456,-1.721587,-1.957534,-0.824439,-0.946548,-0.811354,-0.691671,-1.656514,-0.272192,-0.294563,-0.33712,-0.575915,-0.296377
osg,-0.126248,-0.020027,-0.388563,-0.385895,-0.630595,-0.02456,0.006142,-0.62304,-0.710265,-1.152357,-0.766389,-1.903562,-1.303431,-1.464459,-1.302969,-1.833594,-0.996978,-1.374175,-1.101411,-2.279048,-0.835346,-1.483574,-0.548325,-0.69748,-1.343973,-1.49051,-0.008892,-0.084425,-0.132724,-0.0795,-0.06333,-0.250785,-0.224621,-0.095743,-0.450363,-0.240389,-0.441789,-0.178258,-0.102725,-0.288601,-0.097637,-0.451866,-0.188697,-0.812966,-1.242437,-0.640265,-0.351201,-0.200002,-0.646549,-0.507869,-0.382419,-0.591415,-0.716653,-0.009069,-0.04334,-0.041893,0.035107,-0.035589,-0.080669,-0.006401,-0.013495,-0.008037,0.007746,0.022577,-0.004327,0.028106,0.034075,0.024535,-0.016247,0.00075,0.004315,0.01301,-0.031171,0.049819,-0.026037,-0.00354,-0.017629,-0.028133,-0.018539,-0.064437,0.003834,-0.165193,0.101209,-0.008511,-0.064654,-0.012906,-0.119592,0.014154,0.15853,0.00265,-0.214937,-0.298262,-0.085554,-0.345551,-0.411064,-0.227655,-0.937065,-0.381023,-0.435676,-0.430173,-1.188663,-0.846956,-1.094042,-1.377065,-0.111631,-1.158418,-0.499344,-0.75067,-0.426489,-0.516411,-0.459317,-2.165865,-0.977459,-1.499102,-1.712228,-1.105541,-2.074472,-1.894634,-2.302749,-2.056696,-0.612275,-0.660236,-0.633157,-1.101634,-0.69847,-0.78607,-0.673695,-0.946103,-0.98998,-0.509222,-0.746369,-0.462465,-0.529563,-0.914424,-0.343405,-0.343742,-0.39355,-0.479907,-0.33463
dwe,-0.056475,0.131054,-0.581432,-0.393714,-0.561434,0.020844,0.048192,-0.895414,-0.840397,-1.42076,-0.768212,-2.485313,-2.322216,-2.751709,-1.947328,-2.766191,-1.344791,-1.300929,-1.560488,-3.167991,-1.866056,-2.033582,-0.25963,-0.863191,-2.035781,-2.15639,0.060995,-0.000049,-0.047106,0.046942,-0.048654,-0.391612,-0.257001,-0.017939,-0.611331,-0.383775,-0.774029,-0.271579,-0.0177,-0.492957,-0.06333,-0.574849,-0.209283,-1.823561,-2.034652,-1.473465,-0.498294,-0.362226,-1.026252,-1.064181,-0.591213,-1.015207,-1.208389,0.094717,0.028139,0.032881,0.111586,0.048382,-0.048163,0.094748,0.080952,0.069934,0.170975,0.11103,0.09156,0.118558,0.075901,0.154591,0.069987,0.074628,0.086199,0.08559,0.058744,0.156688,0.049331,0.072384,0.069077,0.039666,0.030249,-0.03466,0.122673,-0.204881,0.308215,0.054923,0.036382,0.049032,-0.140265,0.121614,0.410618,0.123721,-0.336567,-0.525709,-0.208976,-0.482096,-0.66562,-0.447074,-0.725002,-0.48261,-0.393184,-0.527044,-0.902033,-0.750668,-0.978843,-1.179318,-0.002638,-1.13857,-0.769156,-0.876058,-0.514114,-0.629158,-0.700198,-4.203861,-1.856098,-3.903772,-3.330697,-2.397165,-4.695841,-3.311317,-5.124935,-4.098354,-0.824942,-1.038613,-1.367209,-1.588357,-1.593778,-1.857401,-1.166717,-2.031182,-1.969405,-1.29874,-1.136095,-0.912666,-0.81744,-1.905498,-0.219776,-0.173372,-0.311106,-0.548675,-0.194886
cgds,-0.05904,0.198931,-0.60674,-0.333939,-0.603338,0.059155,0.097533,-0.567101,-0.960124,-1.735942,-0.735847,-2.151196,-2.611474,-2.637103,-2.179574,-3.200467,-1.883398,-1.250569,-1.262475,-2.733901,-1.505128,-2.046525,-0.108614,-0.949268,-2.005587,-1.952058,0.124245,0.044539,0.038038,0.094592,0.12951,-0.206982,-0.22278,0.007467,-0.664463,-0.2951,-0.883864,-0.145253,0.011079,-0.410693,-0.04692,-0.580042,-0.050755,-1.870608,-2.006522,-1.74945,-0.271727,-1.146497,-1.160866,-1.188621,-0.944172,-1.15613,-1.482673,0.172811,0.097963,0.123449,0.194183,0.117085,0.037074,0.195369,0.159006,0.129743,0.280683,0.179462,0.128748,0.214812,0.182956,0.234671,0.17517,0.238261,0.134876,0.162841,0.164213,0.253066,0.101463,0.160019,0.128704,0.106892,0.067612,-0.007577,0.194054,-0.098679,0.448701,0.086327,0.208019,0.137454,-0.010388,0.246329,0.514504,0.255178,-0.141996,-0.431182,-0.062692,-0.724389,-0.404932,-0.396998,-0.684152,-0.33664,-0.33579,-0.436212,-0.750451,-0.542747,-1.147268,-1.026029,0.152928,-1.252217,-0.411533,-0.532213,-0.055015,-0.219751,-0.286746,-3.232086,-1.368289,-2.946022,-3.243081,-1.462482,-1.840583,-2.543019,-4.029275,-3.395514,-0.531798,-0.583022,-0.731057,-0.923672,-1.033059,-0.862893,-1.202864,-1.27724,-0.951312,-0.543173,-0.964995,-0.347843,-0.597053,-1.726582,-0.135279,-0.052336,-0.217534,-0.259968,-0.118842